source_file,reference,resolved_path,exists
CITATIONS.md,THIRD_PARTY_NOTICES.md,D:\DesktopFiles\github_release\IsaacSim-Tactile4OpenWorld\THIRD_PARTY_NOTICES.md,true
CITATIONS.md,CITATION.cff,D:\DesktopFiles\github_release\IsaacSim-Tactile4OpenWorld\CITATION.cff,true
CITATIONS.zh-CN.md,THIRD_PARTY_NOTICES.zh-CN.md,D:\DesktopFiles\github_release\IsaacSim-Tactile4OpenWorld\THIRD_PARTY_NOTICES.zh-CN.md,true
CITATIONS.zh-CN.md,CITATION.cff,D:\DesktopFiles\github_release\IsaacSim-Tactile4OpenWorld\CITATION.cff,true
README.md,docs/en/reference/compatibility.md,D:\DesktopFiles\github_release\IsaacSim-Tactile4OpenWorld\docs\en\reference\compatibility.md,true
README.md,docs/en/getting-started/installation.md,D:\DesktopFiles\github_release\IsaacSim-Tactile4OpenWorld\docs\en\getting-started\installation.md,true
README.md,docs/en/getting-started/quick-start.md,D:\DesktopFiles\github_release\IsaacSim-Tactile4OpenWorld\docs\en\getting-started\quick-start.md,true
README.md,docs/en/guides/experiments.md,D:\DesktopFiles\github_release\IsaacSim-Tactile4OpenWorld\docs\en\guides\experiments.md,true
README.md,docs/en/guides/tasks-and-training.md,D:\DesktopFiles\github_release\IsaacSim-Tactile4OpenWorld\docs\en\guides\tasks-and-training.md,true
README.md,docs/en/guides/data-and-outputs.md,D:\DesktopFiles\github_release\IsaacSim-Tactile4OpenWorld\docs\en\guides\data-and-outputs.md,true
README.md,docs/en/guides/custom-integration.md,D:\DesktopFiles\github_release\IsaacSim-Tactile4OpenWorld\docs\en\guides\custom-integration.md,true
README.md,docs/en/help/troubleshooting.md,D:\DesktopFiles\github_release\IsaacSim-Tactile4OpenWorld\docs\en\help\troubleshooting.md,true
README.md,docs/en/getting-started/quick-start.md,D:\DesktopFiles\github_release\IsaacSim-Tactile4OpenWorld\docs\en\getting-started\quick-start.md,true
README.md,docs/en/reference/experiment-lineage.md,D:\DesktopFiles\github_release\IsaacSim-Tactile4OpenWorld\docs\en\reference\experiment-lineage.md,true
README.md,docs/en/help/faq.md,D:\DesktopFiles\github_release\IsaacSim-Tactile4OpenWorld\docs\en\help\faq.md,true
README.md,docs/en/help/troubleshooting.md,D:\DesktopFiles\github_release\IsaacSim-Tactile4OpenWorld\docs\en\help\troubleshooting.md,true
README.md,CITATION.cff,D:\DesktopFiles\github_release\IsaacSim-Tactile4OpenWorld\CITATION.cff,true
README.md,CITATIONS.md,D:\DesktopFiles\github_release\IsaacSim-Tactile4OpenWorld\CITATIONS.md,true
README.md,LICENSE,D:\DesktopFiles\github_release\IsaacSim-Tactile4OpenWorld\LICENSE,true
README.md,THIRD_PARTY_NOTICES.md,D:\DesktopFiles\github_release\IsaacSim-Tactile4OpenWorld\THIRD_PARTY_NOTICES.md,true
README.md,CONTRIBUTING.md,D:\DesktopFiles\github_release\IsaacSim-Tactile4OpenWorld\CONTRIBUTING.md,true
README.md,SECURITY.md,D:\DesktopFiles\github_release\IsaacSim-Tactile4OpenWorld\SECURITY.md,true
README.zh-CN.md,docs/zh-CN/reference/compatibility.md,D:\DesktopFiles\github_release\IsaacSim-Tactile4OpenWorld\docs\zh-CN\reference\compatibility.md,true
README.zh-CN.md,docs/zh-CN/getting-started/installation.md,D:\DesktopFiles\github_release\IsaacSim-Tactile4OpenWorld\docs\zh-CN\getting-started\installation.md,true
README.zh-CN.md,docs/zh-CN/getting-started/quick-start.md,D:\DesktopFiles\github_release\IsaacSim-Tactile4OpenWorld\docs\zh-CN\getting-started\quick-start.md,true
README.zh-CN.md,docs/zh-CN/guides/experiments.md,D:\DesktopFiles\github_release\IsaacSim-Tactile4OpenWorld\docs\zh-CN\guides\experiments.md,true
README.zh-CN.md,docs/zh-CN/guides/tasks-and-training.md,D:\DesktopFiles\github_release\IsaacSim-Tactile4OpenWorld\docs\zh-CN\guides\tasks-and-training.md,true
README.zh-CN.md,docs/zh-CN/guides/data-and-outputs.md,D:\DesktopFiles\github_release\IsaacSim-Tactile4OpenWorld\docs\zh-CN\guides\data-and-outputs.md,true
README.zh-CN.md,docs/zh-CN/guides/custom-integration.md,D:\DesktopFiles\github_release\IsaacSim-Tactile4OpenWorld\docs\zh-CN\guides\custom-integration.md,true
README.zh-CN.md,docs/zh-CN/help/troubleshooting.md,D:\DesktopFiles\github_release\IsaacSim-Tactile4OpenWorld\docs\zh-CN\help\troubleshooting.md,true
README.zh-CN.md,docs/zh-CN/getting-started/quick-start.md,D:\DesktopFiles\github_release\IsaacSim-Tactile4OpenWorld\docs\zh-CN\getting-started\quick-start.md,true
README.zh-CN.md,docs/zh-CN/reference/experiment-lineage.md,D:\DesktopFiles\github_release\IsaacSim-Tactile4OpenWorld\docs\zh-CN\reference\experiment-lineage.md,true
README.zh-CN.md,docs/zh-CN/help/faq.md,D:\DesktopFiles\github_release\IsaacSim-Tactile4OpenWorld\docs\zh-CN\help\faq.md,true
README.zh-CN.md,docs/zh-CN/help/troubleshooting.md,D:\DesktopFiles\github_release\IsaacSim-Tactile4OpenWorld\docs\zh-CN\help\troubleshooting.md,true
README.zh-CN.md,CITATION.cff,D:\DesktopFiles\github_release\IsaacSim-Tactile4OpenWorld\CITATION.cff,true
README.zh-CN.md,CITATIONS.zh-CN.md,D:\DesktopFiles\github_release\IsaacSim-Tactile4OpenWorld\CITATIONS.zh-CN.md,true
README.zh-CN.md,LICENSE,D:\DesktopFiles\github_release\IsaacSim-Tactile4OpenWorld\LICENSE,true
README.zh-CN.md,THIRD_PARTY_NOTICES.zh-CN.md,D:\DesktopFiles\github_release\IsaacSim-Tactile4OpenWorld\THIRD_PARTY_NOTICES.zh-CN.md,true
README.zh-CN.md,CONTRIBUTING.zh-CN.md,D:\DesktopFiles\github_release\IsaacSim-Tactile4OpenWorld\CONTRIBUTING.zh-CN.md,true
README.zh-CN.md,SECURITY.zh-CN.md,D:\DesktopFiles\github_release\IsaacSim-Tactile4OpenWorld\SECURITY.zh-CN.md,true
THIRD_PARTY_NOTICES.md,LICENSE,D:\DesktopFiles\github_release\IsaacSim-Tactile4OpenWorld\LICENSE,true
THIRD_PARTY_NOTICES.md,archive-isaaclab-2.3.2/LICENSE,D:\DesktopFiles\github_release\IsaacSim-Tactile4OpenWorld\archive-isaaclab-2.3.2\LICENSE,true
THIRD_PARTY_NOTICES.md,active-isaaclab-2.1.1/packages/uipc/libuipc/LICENSE,D:\DesktopFiles\github_release\IsaacSim-Tactile4OpenWorld\active-isaaclab-2.1.1\packages\uipc\libuipc\LICENSE,true
THIRD_PARTY_NOTICES.md,active-isaaclab-2.1.1/packages/uipc/libuipc/python/LICENSE,D:\DesktopFiles\github_release\IsaacSim-Tactile4OpenWorld\active-isaaclab-2.1.1\packages\uipc\libuipc\python\LICENSE,true
THIRD_PARTY_NOTICES.md,active-isaaclab-2.1.1/packages/uipc/libuipc/external/tetgen/LICENSE,D:\DesktopFiles\github_release\IsaacSim-Tactile4OpenWorld\active-isaaclab-2.1.1\packages\uipc\libuipc\external\tetgen\LICENSE,true
THIRD_PARTY_NOTICES.md,active-isaaclab-2.1.1/packages/uipc/libuipc/external/muda/LICENSE,D:\DesktopFiles\github_release\IsaacSim-Tactile4OpenWorld\active-isaaclab-2.1.1\packages\uipc\libuipc\external\muda\LICENSE,true
THIRD_PARTY_NOTICES.md,active-isaaclab-2.1.1/packages/uipc/libuipc/external/muda/external/catch2/LICENSE_1_0.txt,D:\DesktopFiles\github_release\IsaacSim-Tactile4OpenWorld\active-isaaclab-2.1.1\packages\uipc\libuipc\external\muda\external\catch2\LICENSE_1_0.txt,true
THIRD_PARTY_NOTICES.md,active-isaaclab-2.1.1/packages/uipc/libuipc/external/octree/Octree/LICENSE,D:\DesktopFiles\github_release\IsaacSim-Tactile4OpenWorld\active-isaaclab-2.1.1\packages\uipc\libuipc\external\octree\Octree\LICENSE,true
THIRD_PARTY_NOTICES.md,active-isaaclab-2.1.1/packages/uipc/libuipc/src/geometry/bvh/LICENSE-SimpleBVH,D:\DesktopFiles\github_release\IsaacSim-Tactile4OpenWorld\active-isaaclab-2.1.1\packages\uipc\libuipc\src\geometry\bvh\LICENSE-SimpleBVH,true
THIRD_PARTY_NOTICES.md,active-isaaclab-2.1.1/packages/uipc/libuipc/src/geometry/bvh/LICENSE-NSEssentials,D:\DesktopFiles\github_release\IsaacSim-Tactile4OpenWorld\active-isaaclab-2.1.1\packages\uipc\libuipc\src\geometry\bvh\LICENSE-NSEssentials,true
THIRD_PARTY_NOTICES.md,active-isaaclab-2.1.1/vendor/agilex-piper/piper_ros/LICENSE,D:\DesktopFiles\github_release\IsaacSim-Tactile4OpenWorld\active-isaaclab-2.1.1\vendor\agilex-piper\piper_ros\LICENSE,true
THIRD_PARTY_NOTICES.md,active-isaaclab-2.1.1/vendor/agilex-piper/piper_ros/src/piper_moveit/moveit-1.1.11/LICENSE.txt,D:\DesktopFiles\github_release\IsaacSim-Tactile4OpenWorld\active-isaaclab-2.1.1\vendor\agilex-piper\piper_ros\src\piper_moveit\moveit-1.1.11\LICENSE.txt,true
THIRD_PARTY_NOTICES.md,active-isaaclab-2.1.1/packages/core/openworldtactile/simulation_approaches/gpu_taxim/sim/LICENSE,D:\DesktopFiles\github_release\IsaacSim-Tactile4OpenWorld\active-isaaclab-2.1.1\packages\core\openworldtactile\simulation_approaches\gpu_taxim\sim\LICENSE,true
THIRD_PARTY_NOTICES.md,active-isaaclab-2.1.1/packages/core/openworldtactile/simulation_approaches/fots/LICENSE,D:\DesktopFiles\github_release\IsaacSim-Tactile4OpenWorld\active-isaaclab-2.1.1\packages\core\openworldtactile\simulation_approaches\fots\LICENSE,true
THIRD_PARTY_NOTICES.md,active-isaaclab-2.1.1/packages/core/openworldtactile/simulation_approaches/fem_based/sim/LICENSE,D:\DesktopFiles\github_release\IsaacSim-Tactile4OpenWorld\active-isaaclab-2.1.1\packages\core\openworldtactile\simulation_approaches\fem_based\sim\LICENSE,true
THIRD_PARTY_NOTICES.md,active-isaaclab-2.1.1/packages/assets/openworldtactile_assets/data/Robots/Franka/LICENSE-APACHE-2.0,D:\DesktopFiles\github_release\IsaacSim-Tactile4OpenWorld\active-isaaclab-2.1.1\packages\assets\openworldtactile_assets\data\Robots\Franka\LICENSE-APACHE-2.0,true
THIRD_PARTY_NOTICES.md,CITATIONS.md,D:\DesktopFiles\github_release\IsaacSim-Tactile4OpenWorld\CITATIONS.md,true
THIRD_PARTY_NOTICES.zh-CN.md,LICENSE,D:\DesktopFiles\github_release\IsaacSim-Tactile4OpenWorld\LICENSE,true
THIRD_PARTY_NOTICES.zh-CN.md,archive-isaaclab-2.3.2/LICENSE,D:\DesktopFiles\github_release\IsaacSim-Tactile4OpenWorld\archive-isaaclab-2.3.2\LICENSE,true
THIRD_PARTY_NOTICES.zh-CN.md,active-isaaclab-2.1.1/packages/uipc/libuipc/LICENSE,D:\DesktopFiles\github_release\IsaacSim-Tactile4OpenWorld\active-isaaclab-2.1.1\packages\uipc\libuipc\LICENSE,true
THIRD_PARTY_NOTICES.zh-CN.md,active-isaaclab-2.1.1/packages/uipc/libuipc/python/LICENSE,D:\DesktopFiles\github_release\IsaacSim-Tactile4OpenWorld\active-isaaclab-2.1.1\packages\uipc\libuipc\python\LICENSE,true
THIRD_PARTY_NOTICES.zh-CN.md,active-isaaclab-2.1.1/packages/uipc/libuipc/external/tetgen/LICENSE,D:\DesktopFiles\github_release\IsaacSim-Tactile4OpenWorld\active-isaaclab-2.1.1\packages\uipc\libuipc\external\tetgen\LICENSE,true
THIRD_PARTY_NOTICES.zh-CN.md,active-isaaclab-2.1.1/packages/uipc/libuipc/external/muda/LICENSE,D:\DesktopFiles\github_release\IsaacSim-Tactile4OpenWorld\active-isaaclab-2.1.1\packages\uipc\libuipc\external\muda\LICENSE,true
THIRD_PARTY_NOTICES.zh-CN.md,active-isaaclab-2.1.1/packages/uipc/libuipc/external/muda/external/catch2/LICENSE_1_0.txt,D:\DesktopFiles\github_release\IsaacSim-Tactile4OpenWorld\active-isaaclab-2.1.1\packages\uipc\libuipc\external\muda\external\catch2\LICENSE_1_0.txt,true
THIRD_PARTY_NOTICES.zh-CN.md,active-isaaclab-2.1.1/packages/uipc/libuipc/external/octree/Octree/LICENSE,D:\DesktopFiles\github_release\IsaacSim-Tactile4OpenWorld\active-isaaclab-2.1.1\packages\uipc\libuipc\external\octree\Octree\LICENSE,true
THIRD_PARTY_NOTICES.zh-CN.md,active-isaaclab-2.1.1/packages/uipc/libuipc/src/geometry/bvh/LICENSE-SimpleBVH,D:\DesktopFiles\github_release\IsaacSim-Tactile4OpenWorld\active-isaaclab-2.1.1\packages\uipc\libuipc\src\geometry\bvh\LICENSE-SimpleBVH,true
THIRD_PARTY_NOTICES.zh-CN.md,active-isaaclab-2.1.1/packages/uipc/libuipc/src/geometry/bvh/LICENSE-NSEssentials,D:\DesktopFiles\github_release\IsaacSim-Tactile4OpenWorld\active-isaaclab-2.1.1\packages\uipc\libuipc\src\geometry\bvh\LICENSE-NSEssentials,true
THIRD_PARTY_NOTICES.zh-CN.md,active-isaaclab-2.1.1/vendor/agilex-piper/piper_ros/LICENSE,D:\DesktopFiles\github_release\IsaacSim-Tactile4OpenWorld\active-isaaclab-2.1.1\vendor\agilex-piper\piper_ros\LICENSE,true
THIRD_PARTY_NOTICES.zh-CN.md,active-isaaclab-2.1.1/vendor/agilex-piper/piper_ros/src/piper_moveit/moveit-1.1.11/LICENSE.txt,D:\DesktopFiles\github_release\IsaacSim-Tactile4OpenWorld\active-isaaclab-2.1.1\vendor\agilex-piper\piper_ros\src\piper_moveit\moveit-1.1.11\LICENSE.txt,true
THIRD_PARTY_NOTICES.zh-CN.md,active-isaaclab-2.1.1/packages/core/openworldtactile/simulation_approaches/gpu_taxim/sim/LICENSE,D:\DesktopFiles\github_release\IsaacSim-Tactile4OpenWorld\active-isaaclab-2.1.1\packages\core\openworldtactile\simulation_approaches\gpu_taxim\sim\LICENSE,true
THIRD_PARTY_NOTICES.zh-CN.md,active-isaaclab-2.1.1/packages/core/openworldtactile/simulation_approaches/fots/LICENSE,D:\DesktopFiles\github_release\IsaacSim-Tactile4OpenWorld\active-isaaclab-2.1.1\packages\core\openworldtactile\simulation_approaches\fots\LICENSE,true
THIRD_PARTY_NOTICES.zh-CN.md,active-isaaclab-2.1.1/packages/core/openworldtactile/simulation_approaches/fem_based/sim/LICENSE,D:\DesktopFiles\github_release\IsaacSim-Tactile4OpenWorld\active-isaaclab-2.1.1\packages\core\openworldtactile\simulation_approaches\fem_based\sim\LICENSE,true
THIRD_PARTY_NOTICES.zh-CN.md,active-isaaclab-2.1.1/packages/assets/openworldtactile_assets/data/Robots/Franka/LICENSE-APACHE-2.0,D:\DesktopFiles\github_release\IsaacSim-Tactile4OpenWorld\active-isaaclab-2.1.1\packages\assets\openworldtactile_assets\data\Robots\Franka\LICENSE-APACHE-2.0,true
THIRD_PARTY_NOTICES.zh-CN.md,CITATIONS.zh-CN.md,D:\DesktopFiles\github_release\IsaacSim-Tactile4OpenWorld\CITATIONS.zh-CN.md,true
docs/en/getting-started/installation.md,../../../active-isaaclab-2.1.1/packages/uipc/libuipc/docs/build_install/linux.md,D:\DesktopFiles\github_release\IsaacSim-Tactile4OpenWorld\active-isaaclab-2.1.1\packages\uipc\libuipc\docs\build_install\linux.md,true
docs/en/getting-started/installation.md,quick-start.md,D:\DesktopFiles\github_release\IsaacSim-Tactile4OpenWorld\docs\en\getting-started\quick-start.md,true
docs/en/getting-started/installation.md,../help/troubleshooting.md#uipc-build-failures,D:\DesktopFiles\github_release\IsaacSim-Tactile4OpenWorld\docs\en\help\troubleshooting.md,true
docs/en/getting-started/installation.md,quick-start.md,D:\DesktopFiles\github_release\IsaacSim-Tactile4OpenWorld\docs\en\getting-started\quick-start.md,true
docs/en/getting-started/installation.md,../reference/compatibility.md,D:\DesktopFiles\github_release\IsaacSim-Tactile4OpenWorld\docs\en\reference\compatibility.md,true
docs/en/getting-started/quick-start.md,installation.md,D:\DesktopFiles\github_release\IsaacSim-Tactile4OpenWorld\docs\en\getting-started\installation.md,true
docs/en/getting-started/quick-start.md,../help/troubleshooting.md,D:\DesktopFiles\github_release\IsaacSim-Tactile4OpenWorld\docs\en\help\troubleshooting.md,true
docs/en/getting-started/quick-start.md,../guides/experiments.md#v1-fixed-membrane-bench,D:\DesktopFiles\github_release\IsaacSim-Tactile4OpenWorld\docs\en\guides\experiments.md,true
docs/en/getting-started/quick-start.md,../guides/experiments.md#v62-closed-loop-piper-grasp,D:\DesktopFiles\github_release\IsaacSim-Tactile4OpenWorld\docs\en\guides\experiments.md,true
docs/en/getting-started/quick-start.md,../guides/tasks-and-training.md,D:\DesktopFiles\github_release\IsaacSim-Tactile4OpenWorld\docs\en\guides\tasks-and-training.md,true
docs/en/getting-started/quick-start.md,../guides/data-and-outputs.md,D:\DesktopFiles\github_release\IsaacSim-Tactile4OpenWorld\docs\en\guides\data-and-outputs.md,true
docs/en/getting-started/quick-start.md,../reference/architecture.md,D:\DesktopFiles\github_release\IsaacSim-Tactile4OpenWorld\docs\en\reference\architecture.md,true
docs/en/guides/custom-integration.md,../../../active-isaaclab-2.1.1/experiments/simulation-prototypes/check_taxim_sim.py,D:\DesktopFiles\github_release\IsaacSim-Tactile4OpenWorld\active-isaaclab-2.1.1\experiments\simulation-prototypes\check_taxim_sim.py,true
docs/en/guides/custom-integration.md,../../../active-isaaclab-2.1.1/experiments/simulation-prototypes/check_mani_skill_marker_franka.py,D:\DesktopFiles\github_release\IsaacSim-Tactile4OpenWorld\active-isaaclab-2.1.1\experiments\simulation-prototypes\check_mani_skill_marker_franka.py,true
docs/en/guides/custom-integration.md,../../../active-isaaclab-2.1.1/packages/tasks/openworldtactile_tasks/inhand/config/allegro_hand/allegro_env_cfg.py,D:\DesktopFiles\github_release\IsaacSim-Tactile4OpenWorld\active-isaaclab-2.1.1\packages\tasks\openworldtactile_tasks\inhand\config\allegro_hand\allegro_env_cfg.py,true
docs/en/guides/custom-integration.md,../../../active-isaaclab-2.1.1/experiments/tactile-bench/OpenWorldTactile_v1.py,D:\DesktopFiles\github_release\IsaacSim-Tactile4OpenWorld\active-isaaclab-2.1.1\experiments\tactile-bench\OpenWorldTactile_v1.py,true
docs/en/guides/custom-integration.md,../../../active-isaaclab-2.1.1/experiments/tactile-bench/OpenWorldTactile_v6_2_grasp.py,D:\DesktopFiles\github_release\IsaacSim-Tactile4OpenWorld\active-isaaclab-2.1.1\experiments\tactile-bench\OpenWorldTactile_v6_2_grasp.py,true
docs/en/guides/data-and-outputs.md,experiments.md#v62-closed-loop-piper-grasp,D:\DesktopFiles\github_release\IsaacSim-Tactile4OpenWorld\docs\en\guides\experiments.md,true
docs/en/guides/experiments.md,data-and-outputs.md#v1-output-contract,D:\DesktopFiles\github_release\IsaacSim-Tactile4OpenWorld\docs\en\guides\data-and-outputs.md,true
docs/en/guides/experiments.md,data-and-outputs.md#v62-output-groups,D:\DesktopFiles\github_release\IsaacSim-Tactile4OpenWorld\docs\en\guides\data-and-outputs.md,true
docs/en/guides/experiments.md,../../internal/ENTRYPOINT_MATRIX.md,D:\DesktopFiles\github_release\IsaacSim-Tactile4OpenWorld\docs\internal\ENTRYPOINT_MATRIX.md,true
docs/en/guides/legacy.md,../../../archive-isaaclab-2.3.2/hardware-sdk/README.md,D:\DesktopFiles\github_release\IsaacSim-Tactile4OpenWorld\archive-isaaclab-2.3.2\hardware-sdk\README.md,true
docs/en/guides/legacy.md,../../internal/ENTRYPOINT_MATRIX.md,D:\DesktopFiles\github_release\IsaacSim-Tactile4OpenWorld\docs\internal\ENTRYPOINT_MATRIX.md,true
docs/en/guides/tasks-and-training.md,../getting-started/installation.md,D:\DesktopFiles\github_release\IsaacSim-Tactile4OpenWorld\docs\en\getting-started\installation.md,true
docs/en/help/faq.md,../getting-started/installation.md,D:\DesktopFiles\github_release\IsaacSim-Tactile4OpenWorld\docs\en\getting-started\installation.md,true
docs/en/help/faq.md,../getting-started/quick-start.md,D:\DesktopFiles\github_release\IsaacSim-Tactile4OpenWorld\docs\en\getting-started\quick-start.md,true
docs/en/help/faq.md,../reference/experiment-lineage.md,D:\DesktopFiles\github_release\IsaacSim-Tactile4OpenWorld\docs\en\reference\experiment-lineage.md,true
docs/en/help/faq.md,../guides/data-and-outputs.md,D:\DesktopFiles\github_release\IsaacSim-Tactile4OpenWorld\docs\en\guides\data-and-outputs.md,true
docs/en/help/faq.md,../guides/tasks-and-training.md#connect-an-isaac-lab-launcher,D:\DesktopFiles\github_release\IsaacSim-Tactile4OpenWorld\docs\en\guides\tasks-and-training.md,true
docs/en/help/faq.md,../../../THIRD_PARTY_NOTICES.md,D:\DesktopFiles\github_release\IsaacSim-Tactile4OpenWorld\THIRD_PARTY_NOTICES.md,true
docs/en/help/faq.md,../../../CITATION.cff,D:\DesktopFiles\github_release\IsaacSim-Tactile4OpenWorld\CITATION.cff,true
docs/en/help/faq.md,../../../CITATIONS.md,D:\DesktopFiles\github_release\IsaacSim-Tactile4OpenWorld\CITATIONS.md,true
docs/en/help/faq.md,troubleshooting.md#report-a-reproducible-issue,D:\DesktopFiles\github_release\IsaacSim-Tactile4OpenWorld\docs\en\help\troubleshooting.md,true
docs/en/help/troubleshooting.md,../guides/experiments.md#required-deformation-contract,D:\DesktopFiles\github_release\IsaacSim-Tactile4OpenWorld\docs\en\guides\experiments.md,true
docs/en/help/troubleshooting.md,../guides/tasks-and-training.md#connect-an-isaac-lab-launcher,D:\DesktopFiles\github_release\IsaacSim-Tactile4OpenWorld\docs\en\guides\tasks-and-training.md,true
docs/en/reference/architecture.md,../guides/tasks-and-training.md,D:\DesktopFiles\github_release\IsaacSim-Tactile4OpenWorld\docs\en\guides\tasks-and-training.md,true
docs/en/reference/compatibility.md,../../../THIRD_PARTY_NOTICES.md,D:\DesktopFiles\github_release\IsaacSim-Tactile4OpenWorld\THIRD_PARTY_NOTICES.md,true
docs/en/reference/experiment-lineage.md,../../internal/ENTRYPOINT_MATRIX.md,D:\DesktopFiles\github_release\IsaacSim-Tactile4OpenWorld\docs\internal\ENTRYPOINT_MATRIX.md,true
docs/en/reference/repository-layout.md,../guides/legacy.md,D:\DesktopFiles\github_release\IsaacSim-Tactile4OpenWorld\docs\en\guides\legacy.md,true
docs/en/reference/repository-layout.md,../../internal/ENTRYPOINT_MATRIX.md,D:\DesktopFiles\github_release\IsaacSim-Tactile4OpenWorld\docs\internal\ENTRYPOINT_MATRIX.md,true
docs/internal/ARCHITECTURE.md,REPOSITORY_REFACTOR.md,D:\DesktopFiles\github_release\IsaacSim-Tactile4OpenWorld\docs\internal\REPOSITORY_REFACTOR.md,true
docs/internal/ARCHITECTURE.md,../../active-isaaclab-2.1.1/,D:\DesktopFiles\github_release\IsaacSim-Tactile4OpenWorld\active-isaaclab-2.1.1,true
docs/internal/ARCHITECTURE.md,../../archive-isaaclab-2.3.2/,D:\DesktopFiles\github_release\IsaacSim-Tactile4OpenWorld\archive-isaaclab-2.3.2,true
docs/internal/ARCHITECTURE.md,../,D:\DesktopFiles\github_release\IsaacSim-Tactile4OpenWorld\docs,true
docs/internal/ARCHITECTURE.md,../../tools/repository/,D:\DesktopFiles\github_release\IsaacSim-Tactile4OpenWorld\tools\repository,true
docs/internal/DEPENDENCY_GAPS.md,../../tools/repository/PORTABILITY_ADAPTATIONS.csv,D:\DesktopFiles\github_release\IsaacSim-Tactile4OpenWorld\tools\repository\PORTABILITY_ADAPTATIONS.csv,true
docs/internal/DEPENDENCY_GAPS.md,../../tools/repository/external_path_references.csv,D:\DesktopFiles\github_release\IsaacSim-Tactile4OpenWorld\tools\repository\external_path_references.csv,true
docs/internal/DEPENDENCY_GAPS.md,../../tools/repository/PATH_ADAPTATION_PLAN.csv,D:\DesktopFiles\github_release\IsaacSim-Tactile4OpenWorld\tools\repository\PATH_ADAPTATION_PLAN.csv,true
docs/internal/ENTRYPOINT_MATRIX.md,../../active-isaaclab-2.1.1/run.sh,D:\DesktopFiles\github_release\IsaacSim-Tactile4OpenWorld\active-isaaclab-2.1.1\run.sh,true
docs/internal/ENTRYPOINT_MATRIX.md,../../archive-isaaclab-2.3.2/tools/inspect_gelsight_cfg.py,D:\DesktopFiles\github_release\IsaacSim-Tactile4OpenWorld\archive-isaaclab-2.3.2\tools\inspect_gelsight_cfg.py,true
docs/internal/ENTRYPOINT_MATRIX.md,../../archive-isaaclab-2.3.2/tools/set_openworldtactile_camera_view.py,D:\DesktopFiles\github_release\IsaacSim-Tactile4OpenWorld\archive-isaaclab-2.3.2\tools\set_openworldtactile_camera_view.py,true
docs/internal/ENTRYPOINT_MATRIX.md,../../archive-isaaclab-2.3.2/tools/run-original-gelsight.sh,D:\DesktopFiles\github_release\IsaacSim-Tactile4OpenWorld\archive-isaaclab-2.3.2\tools\run-original-gelsight.sh,true
docs/internal/ENTRYPOINT_MATRIX.md,../../active-isaaclab-2.1.1/experiments/benchmarks/tactile_sim_performance/run_ball_rolling_experiment.py,D:\DesktopFiles\github_release\IsaacSim-Tactile4OpenWorld\active-isaaclab-2.1.1\experiments\benchmarks\tactile_sim_performance\run_ball_rolling_experiment.py,true
docs/internal/ENTRYPOINT_MATRIX.md,../../active-isaaclab-2.1.1/experiments/benchmarks/tactile_sim_performance/envs/__init__.py,D:\DesktopFiles\github_release\IsaacSim-Tactile4OpenWorld\active-isaaclab-2.1.1\experiments\benchmarks\tactile_sim_performance\envs\__init__.py,true
docs/internal/ENTRYPOINT_MATRIX.md,../../active-isaaclab-2.1.1/experiments/benchmarks/tactile_sim_performance/envs/ball_rolling_physx_rigid.py,D:\DesktopFiles\github_release\IsaacSim-Tactile4OpenWorld\active-isaaclab-2.1.1\experiments\benchmarks\tactile_sim_performance\envs\ball_rolling_physx_rigid.py,true
docs/internal/ENTRYPOINT_MATRIX.md,../../active-isaaclab-2.1.1/experiments/benchmarks/tactile_sim_performance/envs/ball_rolling_uipc.py,D:\DesktopFiles\github_release\IsaacSim-Tactile4OpenWorld\active-isaaclab-2.1.1\experiments\benchmarks\tactile_sim_performance\envs\ball_rolling_uipc.py,true
docs/internal/ENTRYPOINT_MATRIX.md,../../active-isaaclab-2.1.1/experiments/benchmarks/tactile_sim_performance/envs/ball_rolling_uipc_texture.py,D:\DesktopFiles\github_release\IsaacSim-Tactile4OpenWorld\active-isaaclab-2.1.1\experiments\benchmarks\tactile_sim_performance\envs\ball_rolling_uipc_texture.py,true
docs/internal/ENTRYPOINT_MATRIX.md,../../active-isaaclab-2.1.1/experiments/manipulation/pick-place/OpenWorldTactile_cylinder_container_deform_record.py,D:\DesktopFiles\github_release\IsaacSim-Tactile4OpenWorld\active-isaaclab-2.1.1\experiments\manipulation\pick-place\OpenWorldTactile_cylinder_container_deform_record.py,true
docs/internal/ENTRYPOINT_MATRIX.md,../../active-isaaclab-2.1.1/experiments/manipulation/pick-place/OpenWorldTactile_cylinder_container_random_record.py,D:\DesktopFiles\github_release\IsaacSim-Tactile4OpenWorld\active-isaaclab-2.1.1\experiments\manipulation\pick-place\OpenWorldTactile_cylinder_container_random_record.py,true
docs/internal/ENTRYPOINT_MATRIX.md,../../active-isaaclab-2.1.1/experiments/manipulation/pick-place/OpenWorldTactile_cylinder_container_random_record_300size.py,D:\DesktopFiles\github_release\IsaacSim-Tactile4OpenWorld\active-isaaclab-2.1.1\experiments\manipulation\pick-place\OpenWorldTactile_cylinder_container_random_record_300size.py,true
docs/internal/ENTRYPOINT_MATRIX.md,../../active-isaaclab-2.1.1/experiments/manipulation/pick-place/OpenWorldTactile_cylinder_container_random_run.py,D:\DesktopFiles\github_release\IsaacSim-Tactile4OpenWorld\active-isaaclab-2.1.1\experiments\manipulation\pick-place\OpenWorldTactile_cylinder_container_random_run.py,true
docs/internal/ENTRYPOINT_MATRIX.md,../../active-isaaclab-2.1.1/experiments/manipulation/pick-place/OpenWorldTactile_cylinder_container_scene.py,D:\DesktopFiles\github_release\IsaacSim-Tactile4OpenWorld\active-isaaclab-2.1.1\experiments\manipulation\pick-place\OpenWorldTactile_cylinder_container_scene.py,true
docs/internal/ENTRYPOINT_MATRIX.md,../../active-isaaclab-2.1.1/experiments/manipulation/pick-place/OpenWorldTactile_cylinder_container_scene_base.py,D:\DesktopFiles\github_release\IsaacSim-Tactile4OpenWorld\active-isaaclab-2.1.1\experiments\manipulation\pick-place\OpenWorldTactile_cylinder_container_scene_base.py,true
docs/internal/ENTRYPOINT_MATRIX.md,../../active-isaaclab-2.1.1/experiments/manipulation/pick-place/OpenWorldTactile_cylinder_container_softpad_record.py,D:\DesktopFiles\github_release\IsaacSim-Tactile4OpenWorld\active-isaaclab-2.1.1\experiments\manipulation\pick-place\OpenWorldTactile_cylinder_container_softpad_record.py,true
docs/internal/ENTRYPOINT_MATRIX.md,../../active-isaaclab-2.1.1/experiments/manipulation/pick-place/OpenWorldTactile_cylinder_peg_down_rub_random_record_usd.py,D:\DesktopFiles\github_release\IsaacSim-Tactile4OpenWorld\active-isaaclab-2.1.1\experiments\manipulation\pick-place\OpenWorldTactile_cylinder_peg_down_rub_random_record_usd.py,true
docs/internal/ENTRYPOINT_MATRIX.md,../../active-isaaclab-2.1.1/experiments/manipulation/pick-place/OpenWorldTactile_cylinder_peg_down_rub_random_record_usd_fxyrenew.py,D:\DesktopFiles\github_release\IsaacSim-Tactile4OpenWorld\active-isaaclab-2.1.1\experiments\manipulation\pick-place\OpenWorldTactile_cylinder_peg_down_rub_random_record_usd_fxyrenew.py,true
docs/internal/ENTRYPOINT_MATRIX.md,../../active-isaaclab-2.1.1/experiments/manipulation/pick-place/OpenWorldTactile_cylinder_peg_in_hole_random_record.py,D:\DesktopFiles\github_release\IsaacSim-Tactile4OpenWorld\active-isaaclab-2.1.1\experiments\manipulation\pick-place\OpenWorldTactile_cylinder_peg_in_hole_random_record.py,true
docs/internal/ENTRYPOINT_MATRIX.md,../../active-isaaclab-2.1.1/experiments/manipulation/pick-place/OpenWorldTactile_cylinder_peg_in_hole_random_record_usd.py,D:\DesktopFiles\github_release\IsaacSim-Tactile4OpenWorld\active-isaaclab-2.1.1\experiments\manipulation\pick-place\OpenWorldTactile_cylinder_peg_in_hole_random_record_usd.py,true
docs/internal/ENTRYPOINT_MATRIX.md,../../active-isaaclab-2.1.1/experiments/manipulation/pick-place/OpenWorldTactile_USD_down_rub_random_PhysX.py,D:\DesktopFiles\github_release\IsaacSim-Tactile4OpenWorld\active-isaaclab-2.1.1\experiments\manipulation\pick-place\OpenWorldTactile_USD_down_rub_random_PhysX.py,true
docs/internal/ENTRYPOINT_MATRIX.md,../../active-isaaclab-2.1.1/experiments/manipulation/pick-place/OpenWorldTactile_USD_down_rub_random_taxel.py,D:\DesktopFiles\github_release\IsaacSim-Tactile4OpenWorld\active-isaaclab-2.1.1\experiments\manipulation\pick-place\OpenWorldTactile_USD_down_rub_random_taxel.py,true
docs/internal/ENTRYPOINT_MATRIX.md,../../active-isaaclab-2.1.1/experiments/manipulation/pick-place/OpenWorldTactile_USD_down_rub_random_UIPC.py,D:\DesktopFiles\github_release\IsaacSim-Tactile4OpenWorld\active-isaaclab-2.1.1\experiments\manipulation\pick-place\OpenWorldTactile_USD_down_rub_random_UIPC.py,true
docs/internal/ENTRYPOINT_MATRIX.md,../../active-isaaclab-2.1.1/experiments/manipulation/pick-place/OpenWorldTactile_USD_insert_random_UIPC.py,D:\DesktopFiles\github_release\IsaacSim-Tactile4OpenWorld\active-isaaclab-2.1.1\experiments\manipulation\pick-place\OpenWorldTactile_USD_insert_random_UIPC.py,true
docs/internal/ENTRYPOINT_MATRIX.md,../../active-isaaclab-2.1.1/experiments/manipulation/pick-place/OpenWorldTactile_USD_insert_random_UIPC_gelsight_membrane.py,D:\DesktopFiles\github_release\IsaacSim-Tactile4OpenWorld\active-isaaclab-2.1.1\experiments\manipulation\pick-place\OpenWorldTactile_USD_insert_random_UIPC_gelsight_membrane.py,true
docs/internal/ENTRYPOINT_MATRIX.md,../../active-isaaclab-2.1.1/experiments/manipulation/pick-up/cylinder_container_scene.py,D:\DesktopFiles\github_release\IsaacSim-Tactile4OpenWorld\active-isaaclab-2.1.1\experiments\manipulation\pick-up\cylinder_container_scene.py,true
docs/internal/ENTRYPOINT_MATRIX.md,../../active-isaaclab-2.1.1/experiments/manipulation/pick-up/pick_up_rigid.py,D:\DesktopFiles\github_release\IsaacSim-Tactile4OpenWorld\active-isaaclab-2.1.1\experiments\manipulation\pick-up\pick_up_rigid.py,true
docs/internal/ENTRYPOINT_MATRIX.md,../../active-isaaclab-2.1.1/experiments/manipulation/pick-up/pick_up_uipc.py,D:\DesktopFiles\github_release\IsaacSim-Tactile4OpenWorld\active-isaaclab-2.1.1\experiments\manipulation\pick-up\pick_up_uipc.py,true
docs/internal/ENTRYPOINT_MATRIX.md,../../active-isaaclab-2.1.1/experiments/simulation-prototypes/check_fots_sim.py,D:\DesktopFiles\github_release\IsaacSim-Tactile4OpenWorld\active-isaaclab-2.1.1\experiments\simulation-prototypes\check_fots_sim.py,true
docs/internal/ENTRYPOINT_MATRIX.md,../../active-isaaclab-2.1.1/experiments/simulation-prototypes/check_mani_skill_marker_franka.py,D:\DesktopFiles\github_release\IsaacSim-Tactile4OpenWorld\active-isaaclab-2.1.1\experiments\simulation-prototypes\check_mani_skill_marker_franka.py,true
docs/internal/ENTRYPOINT_MATRIX.md,../../active-isaaclab-2.1.1/experiments/simulation-prototypes/check_openworldtactile_force_components.py,D:\DesktopFiles\github_release\IsaacSim-Tactile4OpenWorld\active-isaaclab-2.1.1\experiments\simulation-prototypes\check_openworldtactile_force_components.py,true
docs/internal/ENTRYPOINT_MATRIX.md,../../active-isaaclab-2.1.1/experiments/simulation-prototypes/check_taxim_sim.py,D:\DesktopFiles\github_release\IsaacSim-Tactile4OpenWorld\active-isaaclab-2.1.1\experiments\simulation-prototypes\check_taxim_sim.py,true
docs/internal/ENTRYPOINT_MATRIX.md,../../active-isaaclab-2.1.1/experiments/tactile-bench/build_v2_8_manifest.py,D:\DesktopFiles\github_release\IsaacSim-Tactile4OpenWorld\active-isaaclab-2.1.1\experiments\tactile-bench\build_v2_8_manifest.py,true
docs/internal/ENTRYPOINT_MATRIX.md,../../active-isaaclab-2.1.1/experiments/tactile-bench/evaluate_v6_0_episodes.py,D:\DesktopFiles\github_release\IsaacSim-Tactile4OpenWorld\active-isaaclab-2.1.1\experiments\tactile-bench\evaluate_v6_0_episodes.py,true
docs/internal/ENTRYPOINT_MATRIX.md,../../active-isaaclab-2.1.1/experiments/tactile-bench/evaluate_v6_1_episodes.py,D:\DesktopFiles\github_release\IsaacSim-Tactile4OpenWorld\active-isaaclab-2.1.1\experiments\tactile-bench\evaluate_v6_1_episodes.py,true
docs/internal/ENTRYPOINT_MATRIX.md,../../active-isaaclab-2.1.1/experiments/tactile-bench/membrane_local_frame.py,D:\DesktopFiles\github_release\IsaacSim-Tactile4OpenWorld\active-isaaclab-2.1.1\experiments\tactile-bench\membrane_local_frame.py,true
docs/internal/ENTRYPOINT_MATRIX.md,../../active-isaaclab-2.1.1/experiments/tactile-bench/OpenWorldTactile_gripper_follow_probe.py,D:\DesktopFiles\github_release\IsaacSim-Tactile4OpenWorld\active-isaaclab-2.1.1\experiments\tactile-bench\OpenWorldTactile_gripper_follow_probe.py,true
docs/internal/ENTRYPOINT_MATRIX.md,../../active-isaaclab-2.1.1/experiments/tactile-bench/OpenWorldTactile_pad_link8_camera_viewer.py,D:\DesktopFiles\github_release\IsaacSim-Tactile4OpenWorld\active-isaaclab-2.1.1\experiments\tactile-bench\OpenWorldTactile_pad_link8_camera_viewer.py,true
docs/internal/ENTRYPOINT_MATRIX.md,../../active-isaaclab-2.1.1/experiments/tactile-bench/OpenWorldTactile_pad_usd_viewer.py,D:\DesktopFiles\github_release\IsaacSim-Tactile4OpenWorld\active-isaaclab-2.1.1\experiments\tactile-bench\OpenWorldTactile_pad_usd_viewer.py,true
docs/internal/ENTRYPOINT_MATRIX.md,../../active-isaaclab-2.1.1/experiments/tactile-bench/OpenWorldTactile_v1.py,D:\DesktopFiles\github_release\IsaacSim-Tactile4OpenWorld\active-isaaclab-2.1.1\experiments\tactile-bench\OpenWorldTactile_v1.py,true
docs/internal/ENTRYPOINT_MATRIX.md,../../active-isaaclab-2.1.1/experiments/tactile-bench/OpenWorldTactile_v2.py,D:\DesktopFiles\github_release\IsaacSim-Tactile4OpenWorld\active-isaaclab-2.1.1\experiments\tactile-bench\OpenWorldTactile_v2.py,true
docs/internal/ENTRYPOINT_MATRIX.md,../../active-isaaclab-2.1.1/experiments/tactile-bench/OpenWorldTactile_v2_2.py,D:\DesktopFiles\github_release\IsaacSim-Tactile4OpenWorld\active-isaaclab-2.1.1\experiments\tactile-bench\OpenWorldTactile_v2_2.py,true
docs/internal/ENTRYPOINT_MATRIX.md,../../active-isaaclab-2.1.1/experiments/tactile-bench/OpenWorldTactile_v2_2_camera_membrane_test.py,D:\DesktopFiles\github_release\IsaacSim-Tactile4OpenWorld\active-isaaclab-2.1.1\experiments\tactile-bench\OpenWorldTactile_v2_2_camera_membrane_test.py,true
docs/internal/ENTRYPOINT_MATRIX.md,../../active-isaaclab-2.1.1/experiments/tactile-bench/OpenWorldTactile_v2_3.py,D:\DesktopFiles\github_release\IsaacSim-Tactile4OpenWorld\active-isaaclab-2.1.1\experiments\tactile-bench\OpenWorldTactile_v2_3.py,true
docs/internal/ENTRYPOINT_MATRIX.md,../../active-isaaclab-2.1.1/experiments/tactile-bench/OpenWorldTactile_v2_3_marker_tracking_test.py,D:\DesktopFiles\github_release\IsaacSim-Tactile4OpenWorld\active-isaaclab-2.1.1\experiments\tactile-bench\OpenWorldTactile_v2_3_marker_tracking_test.py,true
docs/internal/ENTRYPOINT_MATRIX.md,../../active-isaaclab-2.1.1/experiments/tactile-bench/OpenWorldTactile_v2_4.py,D:\DesktopFiles\github_release\IsaacSim-Tactile4OpenWorld\active-isaaclab-2.1.1\experiments\tactile-bench\OpenWorldTactile_v2_4.py,true
docs/internal/ENTRYPOINT_MATRIX.md,../../active-isaaclab-2.1.1/experiments/tactile-bench/OpenWorldTactile_v2_5.py,D:\DesktopFiles\github_release\IsaacSim-Tactile4OpenWorld\active-isaaclab-2.1.1\experiments\tactile-bench\OpenWorldTactile_v2_5.py,true
docs/internal/ENTRYPOINT_MATRIX.md,../../active-isaaclab-2.1.1/experiments/tactile-bench/OpenWorldTactile_v2_6.py,D:\DesktopFiles\github_release\IsaacSim-Tactile4OpenWorld\active-isaaclab-2.1.1\experiments\tactile-bench\OpenWorldTactile_v2_6.py,true
docs/internal/ENTRYPOINT_MATRIX.md,../../active-isaaclab-2.1.1/experiments/tactile-bench/OpenWorldTactile_v2_7.py,D:\DesktopFiles\github_release\IsaacSim-Tactile4OpenWorld\active-isaaclab-2.1.1\experiments\tactile-bench\OpenWorldTactile_v2_7.py,true
docs/internal/ENTRYPOINT_MATRIX.md,../../active-isaaclab-2.1.1/experiments/tactile-bench/OpenWorldTactile_v2_8.py,D:\DesktopFiles\github_release\IsaacSim-Tactile4OpenWorld\active-isaaclab-2.1.1\experiments\tactile-bench\OpenWorldTactile_v2_8.py,true
docs/internal/ENTRYPOINT_MATRIX.md,../../active-isaaclab-2.1.1/experiments/tactile-bench/OpenWorldTactile_v2_force_test.py,D:\DesktopFiles\github_release\IsaacSim-Tactile4OpenWorld\active-isaaclab-2.1.1\experiments\tactile-bench\OpenWorldTactile_v2_force_test.py,true
docs/internal/ENTRYPOINT_MATRIX.md,../../active-isaaclab-2.1.1/experiments/tactile-bench/OpenWorldTactile_v4_1_mounted_contact.py,D:\DesktopFiles\github_release\IsaacSim-Tactile4OpenWorld\active-isaaclab-2.1.1\experiments\tactile-bench\OpenWorldTactile_v4_1_mounted_contact.py,true
docs/internal/ENTRYPOINT_MATRIX.md,../../active-isaaclab-2.1.1/experiments/tactile-bench/OpenWorldTactile_v4_2_gripper_fxyz.py,D:\DesktopFiles\github_release\IsaacSim-Tactile4OpenWorld\active-isaaclab-2.1.1\experiments\tactile-bench\OpenWorldTactile_v4_2_gripper_fxyz.py,true
docs/internal/ENTRYPOINT_MATRIX.md,../../active-isaaclab-2.1.1/experiments/tactile-bench/OpenWorldTactile_v4_3meta.py,D:\DesktopFiles\github_release\IsaacSim-Tactile4OpenWorld\active-isaaclab-2.1.1\experiments\tactile-bench\OpenWorldTactile_v4_3meta.py,true
docs/internal/ENTRYPOINT_MATRIX.md,../../active-isaaclab-2.1.1/experiments/tactile-bench/OpenWorldTactile_v4_4_synthetic_force_rgb.py,D:\DesktopFiles\github_release\IsaacSim-Tactile4OpenWorld\active-isaaclab-2.1.1\experiments\tactile-bench\OpenWorldTactile_v4_4_synthetic_force_rgb.py,true
docs/internal/ENTRYPOINT_MATRIX.md,../../active-isaaclab-2.1.1/experiments/tactile-bench/OpenWorldTactile_v4_5_object_geometry_texture_imprint.py,D:\DesktopFiles\github_release\IsaacSim-Tactile4OpenWorld\active-isaaclab-2.1.1\experiments\tactile-bench\OpenWorldTactile_v4_5_object_geometry_texture_imprint.py,true
docs/internal/ENTRYPOINT_MATRIX.md,../../active-isaaclab-2.1.1/experiments/tactile-bench/OpenWorldTactile_v4_6_pressure_fxyz_texture.py,D:\DesktopFiles\github_release\IsaacSim-Tactile4OpenWorld\active-isaaclab-2.1.1\experiments\tactile-bench\OpenWorldTactile_v4_6_pressure_fxyz_texture.py,true
docs/internal/ENTRYPOINT_MATRIX.md,../../active-isaaclab-2.1.1/experiments/tactile-bench/OpenWorldTactile_v4_7_single_contact.py,D:\DesktopFiles\github_release\IsaacSim-Tactile4OpenWorld\active-isaaclab-2.1.1\experiments\tactile-bench\OpenWorldTactile_v4_7_single_contact.py,true
docs/internal/ENTRYPOINT_MATRIX.md,../../active-isaaclab-2.1.1/experiments/tactile-bench/OpenWorldTactile_v4_8_pad_visual_contact.py,D:\DesktopFiles\github_release\IsaacSim-Tactile4OpenWorld\active-isaaclab-2.1.1\experiments\tactile-bench\OpenWorldTactile_v4_8_pad_visual_contact.py,true
docs/internal/ENTRYPOINT_MATRIX.md,../../active-isaaclab-2.1.1/experiments/tactile-bench/OpenWorldTactile_v4_9_usd_contact_smoke.py,D:\DesktopFiles\github_release\IsaacSim-Tactile4OpenWorld\active-isaaclab-2.1.1\experiments\tactile-bench\OpenWorldTactile_v4_9_usd_contact_smoke.py,true
docs/internal/ENTRYPOINT_MATRIX.md,../../active-isaaclab-2.1.1/experiments/tactile-bench/OpenWorldTactile_v4_9b_agilex_pad_mount_smoke.py,D:\DesktopFiles\github_release\IsaacSim-Tactile4OpenWorld\active-isaaclab-2.1.1\experiments\tactile-bench\OpenWorldTactile_v4_9b_agilex_pad_mount_smoke.py,true
docs/internal/ENTRYPOINT_MATRIX.md,../../active-isaaclab-2.1.1/experiments/tactile-bench/OpenWorldTactile_v4_9c_agilex_pad_mount.py,D:\DesktopFiles\github_release\IsaacSim-Tactile4OpenWorld\active-isaaclab-2.1.1\experiments\tactile-bench\OpenWorldTactile_v4_9c_agilex_pad_mount.py,true
docs/internal/ENTRYPOINT_MATRIX.md,../../active-isaaclab-2.1.1/experiments/tactile-bench/OpenWorldTactile_v4_mounted_contact.py,D:\DesktopFiles\github_release\IsaacSim-Tactile4OpenWorld\active-isaaclab-2.1.1\experiments\tactile-bench\OpenWorldTactile_v4_mounted_contact.py,true
docs/internal/ENTRYPOINT_MATRIX.md,../../active-isaaclab-2.1.1/experiments/tactile-bench/OpenWorldTactile_v5_1_mounted_grasp.py,D:\DesktopFiles\github_release\IsaacSim-Tactile4OpenWorld\active-isaaclab-2.1.1\experiments\tactile-bench\OpenWorldTactile_v5_1_mounted_grasp.py,true
docs/internal/ENTRYPOINT_MATRIX.md,../../active-isaaclab-2.1.1/experiments/tactile-bench/OpenWorldTactile_v5_1_pad_follow_fxyz.py,D:\DesktopFiles\github_release\IsaacSim-Tactile4OpenWorld\active-isaaclab-2.1.1\experiments\tactile-bench\OpenWorldTactile_v5_1_pad_follow_fxyz.py,true
docs/internal/ENTRYPOINT_MATRIX.md,../../active-isaaclab-2.1.1/experiments/tactile-bench/OpenWorldTactile_v5_2_static_contact_smoke.py,D:\DesktopFiles\github_release\IsaacSim-Tactile4OpenWorld\active-isaaclab-2.1.1\experiments\tactile-bench\OpenWorldTactile_v5_2_static_contact_smoke.py,true
docs/internal/ENTRYPOINT_MATRIX.md,../../active-isaaclab-2.1.1/experiments/tactile-bench/OpenWorldTactile_v5_3a_moving_pad_no_contact.py,D:\DesktopFiles\github_release\IsaacSim-Tactile4OpenWorld\active-isaaclab-2.1.1\experiments\tactile-bench\OpenWorldTactile_v5_3a_moving_pad_no_contact.py,true
docs/internal/ENTRYPOINT_MATRIX.md,../../active-isaaclab-2.1.1/experiments/tactile-bench/OpenWorldTactile_v5_mounted_contact.py,D:\DesktopFiles\github_release\IsaacSim-Tactile4OpenWorld\active-isaaclab-2.1.1\experiments\tactile-bench\OpenWorldTactile_v5_mounted_contact.py,true
docs/internal/ENTRYPOINT_MATRIX.md,../../active-isaaclab-2.1.1/experiments/tactile-bench/OpenWorldTactile_v5_new_1_mount_check.py,D:\DesktopFiles\github_release\IsaacSim-Tactile4OpenWorld\active-isaaclab-2.1.1\experiments\tactile-bench\OpenWorldTactile_v5_new_1_mount_check.py,true
docs/internal/ENTRYPOINT_MATRIX.md,../../active-isaaclab-2.1.1/experiments/tactile-bench/OpenWorldTactile_v5_new_2_physx_grasp.py,D:\DesktopFiles\github_release\IsaacSim-Tactile4OpenWorld\active-isaaclab-2.1.1\experiments\tactile-bench\OpenWorldTactile_v5_new_2_physx_grasp.py,true
docs/internal/ENTRYPOINT_MATRIX.md,../../active-isaaclab-2.1.1/experiments/tactile-bench/OpenWorldTactile_v5_new_3_fz_grasp.py,D:\DesktopFiles\github_release\IsaacSim-Tactile4OpenWorld\active-isaaclab-2.1.1\experiments\tactile-bench\OpenWorldTactile_v5_new_3_fz_grasp.py,true
docs/internal/ENTRYPOINT_MATRIX.md,../../active-isaaclab-2.1.1/experiments/tactile-bench/OpenWorldTactile_v5_new_3b_fz_baseline.py,D:\DesktopFiles\github_release\IsaacSim-Tactile4OpenWorld\active-isaaclab-2.1.1\experiments\tactile-bench\OpenWorldTactile_v5_new_3b_fz_baseline.py,true
docs/internal/ENTRYPOINT_MATRIX.md,../../active-isaaclab-2.1.1/experiments/tactile-bench/OpenWorldTactile_v5_new_3c_contact_gap_debug.py,D:\DesktopFiles\github_release\IsaacSim-Tactile4OpenWorld\active-isaaclab-2.1.1\experiments\tactile-bench\OpenWorldTactile_v5_new_3c_contact_gap_debug.py,true
docs/internal/ENTRYPOINT_MATRIX.md,../../active-isaaclab-2.1.1/experiments/tactile-bench/OpenWorldTactile_v5_new_3d_pad_alignment.py,D:\DesktopFiles\github_release\IsaacSim-Tactile4OpenWorld\active-isaaclab-2.1.1\experiments\tactile-bench\OpenWorldTactile_v5_new_3d_pad_alignment.py,true
docs/internal/ENTRYPOINT_MATRIX.md,../../active-isaaclab-2.1.1/experiments/tactile-bench/OpenWorldTactile_v5_new_3e_pad_center_freeze.py,D:\DesktopFiles\github_release\IsaacSim-Tactile4OpenWorld\active-isaaclab-2.1.1\experiments\tactile-bench\OpenWorldTactile_v5_new_3e_pad_center_freeze.py,true
docs/internal/ENTRYPOINT_MATRIX.md,../../active-isaaclab-2.1.1/experiments/tactile-bench/OpenWorldTactile_v5_new_3f_visual_membrane.py,D:\DesktopFiles\github_release\IsaacSim-Tactile4OpenWorld\active-isaaclab-2.1.1\experiments\tactile-bench\OpenWorldTactile_v5_new_3f_visual_membrane.py,true
docs/internal/ENTRYPOINT_MATRIX.md,../../active-isaaclab-2.1.1/experiments/tactile-bench/OpenWorldTactile_v5_new_3g_back_visual_membrane.py,D:\DesktopFiles\github_release\IsaacSim-Tactile4OpenWorld\active-isaaclab-2.1.1\experiments\tactile-bench\OpenWorldTactile_v5_new_3g_back_visual_membrane.py,true
docs/internal/ENTRYPOINT_MATRIX.md,../../active-isaaclab-2.1.1/experiments/tactile-bench/OpenWorldTactile_v5_new_3h_close.py,D:\DesktopFiles\github_release\IsaacSim-Tactile4OpenWorld\active-isaaclab-2.1.1\experiments\tactile-bench\OpenWorldTactile_v5_new_3h_close.py,true
docs/internal/ENTRYPOINT_MATRIX.md,../../active-isaaclab-2.1.1/experiments/tactile-bench/OpenWorldTactile_v5_new_3h_lift_check.py,D:\DesktopFiles\github_release\IsaacSim-Tactile4OpenWorld\active-isaaclab-2.1.1\experiments\tactile-bench\OpenWorldTactile_v5_new_3h_lift_check.py,true
docs/internal/ENTRYPOINT_MATRIX.md,../../active-isaaclab-2.1.1/experiments/tactile-bench/OpenWorldTactile_v5_new_3h_swap_membrane_layers.py,D:\DesktopFiles\github_release\IsaacSim-Tactile4OpenWorld\active-isaaclab-2.1.1\experiments\tactile-bench\OpenWorldTactile_v5_new_3h_swap_membrane_layers.py,true
docs/internal/ENTRYPOINT_MATRIX.md,../../active-isaaclab-2.1.1/experiments/tactile-bench/OpenWorldTactile_v5_new_3h_uv_idw.py,D:\DesktopFiles\github_release\IsaacSim-Tactile4OpenWorld\active-isaaclab-2.1.1\experiments\tactile-bench\OpenWorldTactile_v5_new_3h_uv_idw.py,true
docs/internal/ENTRYPOINT_MATRIX.md,../../active-isaaclab-2.1.1/experiments/tactile-bench/OpenWorldTactile_v5_new_4_1_force_projection_calibration.py,D:\DesktopFiles\github_release\IsaacSim-Tactile4OpenWorld\active-isaaclab-2.1.1\experiments\tactile-bench\OpenWorldTactile_v5_new_4_1_force_projection_calibration.py,true
docs/internal/ENTRYPOINT_MATRIX.md,../../active-isaaclab-2.1.1/experiments/tactile-bench/OpenWorldTactile_v5_new_4_2_projection_sign_calibration.py,D:\DesktopFiles\github_release\IsaacSim-Tactile4OpenWorld\active-isaaclab-2.1.1\experiments\tactile-bench\OpenWorldTactile_v5_new_4_2_projection_sign_calibration.py,true
docs/internal/ENTRYPOINT_MATRIX.md,../../active-isaaclab-2.1.1/experiments/tactile-bench/OpenWorldTactile_v5_new_4_3_contact_patch_localization.py,D:\DesktopFiles\github_release\IsaacSim-Tactile4OpenWorld\active-isaaclab-2.1.1\experiments\tactile-bench\OpenWorldTactile_v5_new_4_3_contact_patch_localization.py,true
docs/internal/ENTRYPOINT_MATRIX.md,../../active-isaaclab-2.1.1/experiments/tactile-bench/OpenWorldTactile_v5_new_4_4_gradient_geometry_audit.py,D:\DesktopFiles\github_release\IsaacSim-Tactile4OpenWorld\active-isaaclab-2.1.1\experiments\tactile-bench\OpenWorldTactile_v5_new_4_4_gradient_geometry_audit.py,true
docs/internal/ENTRYPOINT_MATRIX.md,../../active-isaaclab-2.1.1/experiments/tactile-bench/OpenWorldTactile_v5_new_4_5_front_face_filter.py,D:\DesktopFiles\github_release\IsaacSim-Tactile4OpenWorld\active-isaaclab-2.1.1\experiments\tactile-bench\OpenWorldTactile_v5_new_4_5_front_face_filter.py,true
docs/internal/ENTRYPOINT_MATRIX.md,../../active-isaaclab-2.1.1/experiments/tactile-bench/OpenWorldTactile_v5_new_4_force_probe.py,D:\DesktopFiles\github_release\IsaacSim-Tactile4OpenWorld\active-isaaclab-2.1.1\experiments\tactile-bench\OpenWorldTactile_v5_new_4_force_probe.py,true
docs/internal/ENTRYPOINT_MATRIX.md,../../active-isaaclab-2.1.1/experiments/tactile-bench/OpenWorldTactile_v5_new_5_membrane_inspector.py,D:\DesktopFiles\github_release\IsaacSim-Tactile4OpenWorld\active-isaaclab-2.1.1\experiments\tactile-bench\OpenWorldTactile_v5_new_5_membrane_inspector.py,true
docs/internal/ENTRYPOINT_MATRIX.md,../../active-isaaclab-2.1.1/experiments/tactile-bench/OpenWorldTactile_v5_new_5_proxy_output.py,D:\DesktopFiles\github_release\IsaacSim-Tactile4OpenWorld\active-isaaclab-2.1.1\experiments\tactile-bench\OpenWorldTactile_v5_new_5_proxy_output.py,true
docs/internal/ENTRYPOINT_MATRIX.md,../../active-isaaclab-2.1.1/experiments/tactile-bench/OpenWorldTactile_v5_new_5c_pressure_field_reconstruction.py,D:\DesktopFiles\github_release\IsaacSim-Tactile4OpenWorld\active-isaaclab-2.1.1\experiments\tactile-bench\OpenWorldTactile_v5_new_5c_pressure_field_reconstruction.py,true
docs/internal/ENTRYPOINT_MATRIX.md,../../active-isaaclab-2.1.1/experiments/tactile-bench/OpenWorldTactile_v5_new_5e_tangential_shear_proxy.py,D:\DesktopFiles\github_release\IsaacSim-Tactile4OpenWorld\active-isaaclab-2.1.1\experiments\tactile-bench\OpenWorldTactile_v5_new_5e_tangential_shear_proxy.py,true
docs/internal/ENTRYPOINT_MATRIX.md,../../active-isaaclab-2.1.1/experiments/tactile-bench/OpenWorldTactile_v5_new_6_constitutive_deformation.py,D:\DesktopFiles\github_release\IsaacSim-Tactile4OpenWorld\active-isaaclab-2.1.1\experiments\tactile-bench\OpenWorldTactile_v5_new_6_constitutive_deformation.py,true
docs/internal/ENTRYPOINT_MATRIX.md,../../active-isaaclab-2.1.1/experiments/tactile-bench/OpenWorldTactile_v5_new_7a_membrane_deformation_probe.py,D:\DesktopFiles\github_release\IsaacSim-Tactile4OpenWorld\active-isaaclab-2.1.1\experiments\tactile-bench\OpenWorldTactile_v5_new_7a_membrane_deformation_probe.py,true
docs/internal/ENTRYPOINT_MATRIX.md,../../active-isaaclab-2.1.1/experiments/tactile-bench/OpenWorldTactile_v5_new_7b_membrane_contact_probe.py,D:\DesktopFiles\github_release\IsaacSim-Tactile4OpenWorld\active-isaaclab-2.1.1\experiments\tactile-bench\OpenWorldTactile_v5_new_7b_membrane_contact_probe.py,true
docs/internal/ENTRYPOINT_MATRIX.md,../../active-isaaclab-2.1.1/experiments/tactile-bench/OpenWorldTactile_v5_new_7c_attachment_follow_validation.py,D:\DesktopFiles\github_release\IsaacSim-Tactile4OpenWorld\active-isaaclab-2.1.1\experiments\tactile-bench\OpenWorldTactile_v5_new_7c_attachment_follow_validation.py,true
docs/internal/ENTRYPOINT_MATRIX.md,../../active-isaaclab-2.1.1/experiments/tactile-bench/OpenWorldTactile_v5_new_7c_pad_follow_probe.py,D:\DesktopFiles\github_release\IsaacSim-Tactile4OpenWorld\active-isaaclab-2.1.1\experiments\tactile-bench\OpenWorldTactile_v5_new_7c_pad_follow_probe.py,true
docs/internal/ENTRYPOINT_MATRIX.md,../../active-isaaclab-2.1.1/experiments/tactile-bench/OpenWorldTactile_v5_new_7d_backface_follow.py,D:\DesktopFiles\github_release\IsaacSim-Tactile4OpenWorld\active-isaaclab-2.1.1\experiments\tactile-bench\OpenWorldTactile_v5_new_7d_backface_follow.py,true
docs/internal/ENTRYPOINT_MATRIX.md,../../active-isaaclab-2.1.1/experiments/tactile-bench/OpenWorldTactile_v5_new_7e_indenter_deformation.py,D:\DesktopFiles\github_release\IsaacSim-Tactile4OpenWorld\active-isaaclab-2.1.1\experiments\tactile-bench\OpenWorldTactile_v5_new_7e_indenter_deformation.py,true
docs/internal/ENTRYPOINT_MATRIX.md,../../active-isaaclab-2.1.1/experiments/tactile-bench/OpenWorldTactile_v5_new_7f_deformation_contract_probe.py,D:\DesktopFiles\github_release\IsaacSim-Tactile4OpenWorld\active-isaaclab-2.1.1\experiments\tactile-bench\OpenWorldTactile_v5_new_7f_deformation_contract_probe.py,true
docs/internal/ENTRYPOINT_MATRIX.md,../../active-isaaclab-2.1.1/experiments/tactile-bench/OpenWorldTactile_v5_new_7f_deformation_field_probe.py,D:\DesktopFiles\github_release\IsaacSim-Tactile4OpenWorld\active-isaaclab-2.1.1\experiments\tactile-bench\OpenWorldTactile_v5_new_7f_deformation_field_probe.py,true
docs/internal/ENTRYPOINT_MATRIX.md,../../active-isaaclab-2.1.1/experiments/tactile-bench/OpenWorldTactile_v5_new_7g_deformation_force_estimator.py,D:\DesktopFiles\github_release\IsaacSim-Tactile4OpenWorld\active-isaaclab-2.1.1\experiments\tactile-bench\OpenWorldTactile_v5_new_7g_deformation_force_estimator.py,true
docs/internal/ENTRYPOINT_MATRIX.md,../../active-isaaclab-2.1.1/experiments/tactile-bench/OpenWorldTactile_v5_new_7g_lateral_shear_deformation_probe.py,D:\DesktopFiles\github_release\IsaacSim-Tactile4OpenWorld\active-isaaclab-2.1.1\experiments\tactile-bench\OpenWorldTactile_v5_new_7g_lateral_shear_deformation_probe.py,true
docs/internal/ENTRYPOINT_MATRIX.md,../../active-isaaclab-2.1.1/experiments/tactile-bench/OpenWorldTactile_v5_new_7g_lateral_shear_validation.py,D:\DesktopFiles\github_release\IsaacSim-Tactile4OpenWorld\active-isaaclab-2.1.1\experiments\tactile-bench\OpenWorldTactile_v5_new_7g_lateral_shear_validation.py,true
docs/internal/ENTRYPOINT_MATRIX.md,../../active-isaaclab-2.1.1/experiments/tactile-bench/OpenWorldTactile_v5_new_7g_local_3d_force_render.py,D:\DesktopFiles\github_release\IsaacSim-Tactile4OpenWorld\active-isaaclab-2.1.1\experiments\tactile-bench\OpenWorldTactile_v5_new_7g_local_3d_force_render.py,true
docs/internal/ENTRYPOINT_MATRIX.md,../../active-isaaclab-2.1.1/experiments/tactile-bench/OpenWorldTactile_v5_new_7g_local_visualization_probe.py,D:\DesktopFiles\github_release\IsaacSim-Tactile4OpenWorld\active-isaaclab-2.1.1\experiments\tactile-bench\OpenWorldTactile_v5_new_7g_local_visualization_probe.py,true
docs/internal/ENTRYPOINT_MATRIX.md,../../active-isaaclab-2.1.1/experiments/tactile-bench/OpenWorldTactile_v5_new_7g_z_shear_validation.py,D:\DesktopFiles\github_release\IsaacSim-Tactile4OpenWorld\active-isaaclab-2.1.1\experiments\tactile-bench\OpenWorldTactile_v5_new_7g_z_shear_validation.py,true
docs/internal/ENTRYPOINT_MATRIX.md,../../active-isaaclab-2.1.1/experiments/tactile-bench/OpenWorldTactile_v5_new_8_grasp_integration.py,D:\DesktopFiles\github_release\IsaacSim-Tactile4OpenWorld\active-isaaclab-2.1.1\experiments\tactile-bench\OpenWorldTactile_v5_new_8_grasp_integration.py,true
docs/internal/ENTRYPOINT_MATRIX.md,../../active-isaaclab-2.1.1/experiments/tactile-bench/OpenWorldTactile_v5_new_9_tu_tactile_field_rendering.py,D:\DesktopFiles\github_release\IsaacSim-Tactile4OpenWorld\active-isaaclab-2.1.1\experiments\tactile-bench\OpenWorldTactile_v5_new_9_tu_tactile_field_rendering.py,true
docs/internal/ENTRYPOINT_MATRIX.md,../../active-isaaclab-2.1.1/experiments/tactile-bench/OpenWorldTactile_v5_new_link7_link8_mount_probe.py,D:\DesktopFiles\github_release\IsaacSim-Tactile4OpenWorld\active-isaaclab-2.1.1\experiments\tactile-bench\OpenWorldTactile_v5_new_link7_link8_mount_probe.py,true
docs/internal/ENTRYPOINT_MATRIX.md,../../active-isaaclab-2.1.1/experiments/tactile-bench/OpenWorldTactile_v6_0_grasp_lift.py,D:\DesktopFiles\github_release\IsaacSim-Tactile4OpenWorld\active-isaaclab-2.1.1\experiments\tactile-bench\OpenWorldTactile_v6_0_grasp_lift.py,true
docs/internal/ENTRYPOINT_MATRIX.md,../../active-isaaclab-2.1.1/experiments/tactile-bench/OpenWorldTactile_v6_1_full_cycle_validation.py,D:\DesktopFiles\github_release\IsaacSim-Tactile4OpenWorld\active-isaaclab-2.1.1\experiments\tactile-bench\OpenWorldTactile_v6_1_full_cycle_validation.py,true
docs/internal/ENTRYPOINT_MATRIX.md,../../active-isaaclab-2.1.1/experiments/tactile-bench/OpenWorldTactile_v6_1b_lift_hold_diagnostic.py,D:\DesktopFiles\github_release\IsaacSim-Tactile4OpenWorld\active-isaaclab-2.1.1\experiments\tactile-bench\OpenWorldTactile_v6_1b_lift_hold_diagnostic.py,true
docs/internal/ENTRYPOINT_MATRIX.md,../../active-isaaclab-2.1.1/experiments/tactile-bench/OpenWorldTactile_v6_2_grasp.py,D:\DesktopFiles\github_release\IsaacSim-Tactile4OpenWorld\active-isaaclab-2.1.1\experiments\tactile-bench\OpenWorldTactile_v6_2_grasp.py,true
docs/internal/ENTRYPOINT_MATRIX.md,../../active-isaaclab-2.1.1/experiments/tactile-bench/render_tactile_field_offline.py,D:\DesktopFiles\github_release\IsaacSim-Tactile4OpenWorld\active-isaaclab-2.1.1\experiments\tactile-bench\render_tactile_field_offline.py,true
docs/internal/ENTRYPOINT_MATRIX.md,../../active-isaaclab-2.1.1/experiments/tactile-bench/run_v4_8_dataset_sweep.py,D:\DesktopFiles\github_release\IsaacSim-Tactile4OpenWorld\active-isaaclab-2.1.1\experiments\tactile-bench\run_v4_8_dataset_sweep.py,true
docs/internal/ENTRYPOINT_MATRIX.md,../../active-isaaclab-2.1.1/experiments/tactile-bench/test_kinematic_abd_pose_history_runtime.py,D:\DesktopFiles\github_release\IsaacSim-Tactile4OpenWorld\active-isaaclab-2.1.1\experiments\tactile-bench\test_kinematic_abd_pose_history_runtime.py,true
docs/internal/ENTRYPOINT_MATRIX.md,../../active-isaaclab-2.1.1/experiments/tactile-bench/test_membrane_local_frame.py,D:\DesktopFiles\github_release\IsaacSim-Tactile4OpenWorld\active-isaaclab-2.1.1\experiments\tactile-bench\test_membrane_local_frame.py,true
docs/internal/ENTRYPOINT_MATRIX.md,../../active-isaaclab-2.1.1/experiments/tactile-bench/test_tu_tactile_field.py,D:\DesktopFiles\github_release\IsaacSim-Tactile4OpenWorld\active-isaaclab-2.1.1\experiments\tactile-bench\test_tu_tactile_field.py,true
docs/internal/ENTRYPOINT_MATRIX.md,../../active-isaaclab-2.1.1/experiments/tactile-bench/test_v5_new_7f_deformation_contract_probe.py,D:\DesktopFiles\github_release\IsaacSim-Tactile4OpenWorld\active-isaaclab-2.1.1\experiments\tactile-bench\test_v5_new_7f_deformation_contract_probe.py,true
docs/internal/ENTRYPOINT_MATRIX.md,../../active-isaaclab-2.1.1/experiments/tactile-bench/test_v5_new_7g_deformation_force_estimator.py,D:\DesktopFiles\github_release\IsaacSim-Tactile4OpenWorld\active-isaaclab-2.1.1\experiments\tactile-bench\test_v5_new_7g_deformation_force_estimator.py,true
docs/internal/ENTRYPOINT_MATRIX.md,../../active-isaaclab-2.1.1/experiments/tactile-bench/test_v5_new_7g_lateral_shear_validation.py,D:\DesktopFiles\github_release\IsaacSim-Tactile4OpenWorld\active-isaaclab-2.1.1\experiments\tactile-bench\test_v5_new_7g_lateral_shear_validation.py,true
docs/internal/ENTRYPOINT_MATRIX.md,../../active-isaaclab-2.1.1/experiments/tactile-bench/test_v6_0_grasp_lift.py,D:\DesktopFiles\github_release\IsaacSim-Tactile4OpenWorld\active-isaaclab-2.1.1\experiments\tactile-bench\test_v6_0_grasp_lift.py,true
docs/internal/ENTRYPOINT_MATRIX.md,../../active-isaaclab-2.1.1/experiments/tactile-bench/test_v6_1_full_cycle_validation.py,D:\DesktopFiles\github_release\IsaacSim-Tactile4OpenWorld\active-isaaclab-2.1.1\experiments\tactile-bench\test_v6_1_full_cycle_validation.py,true
docs/internal/ENTRYPOINT_MATRIX.md,../../active-isaaclab-2.1.1/experiments/tactile-bench/test_v6_1b_lift_hold_diagnostic.py,D:\DesktopFiles\github_release\IsaacSim-Tactile4OpenWorld\active-isaaclab-2.1.1\experiments\tactile-bench\test_v6_1b_lift_hold_diagnostic.py,true
docs/internal/ENTRYPOINT_MATRIX.md,../../active-isaaclab-2.1.1/experiments/tactile-bench/test_v6_2_grasp.py,D:\DesktopFiles\github_release\IsaacSim-Tactile4OpenWorld\active-isaaclab-2.1.1\experiments\tactile-bench\test_v6_2_grasp.py,true
docs/internal/ENTRYPOINT_MATRIX.md,../../active-isaaclab-2.1.1/experiments/tactile-bench/tu_tactile_field.py,D:\DesktopFiles\github_release\IsaacSim-Tactile4OpenWorld\active-isaaclab-2.1.1\experiments\tactile-bench\tu_tactile_field.py,true
docs/internal/ENTRYPOINT_MATRIX.md,../../active-isaaclab-2.1.1/experiments/tactile-bench/validate_v6_2_once.py,D:\DesktopFiles\github_release\IsaacSim-Tactile4OpenWorld\active-isaaclab-2.1.1\experiments\tactile-bench\validate_v6_2_once.py,true
docs/internal/ENTRYPOINT_MATRIX.md,../../active-isaaclab-2.1.1/experiments/tactile-bench/view_v2_8_sample.py,D:\DesktopFiles\github_release\IsaacSim-Tactile4OpenWorld\active-isaaclab-2.1.1\experiments\tactile-bench\view_v2_8_sample.py,true
docs/internal/ENTRYPOINT_MATRIX.md,../../active-isaaclab-2.1.1/experiments/tactile-bench/api/__init__.py,D:\DesktopFiles\github_release\IsaacSim-Tactile4OpenWorld\active-isaaclab-2.1.1\experiments\tactile-bench\api\__init__.py,true
docs/internal/ENTRYPOINT_MATRIX.md,../../active-isaaclab-2.1.1/experiments/tactile-bench/api/openworldtactile_camera_membrane.py,D:\DesktopFiles\github_release\IsaacSim-Tactile4OpenWorld\active-isaaclab-2.1.1\experiments\tactile-bench\api\openworldtactile_camera_membrane.py,true
docs/internal/ENTRYPOINT_MATRIX.md,../../active-isaaclab-2.1.1/experiments/tactile-bench/api/openworldtactile_marker_tracking.py,D:\DesktopFiles\github_release\IsaacSim-Tactile4OpenWorld\active-isaaclab-2.1.1\experiments\tactile-bench\api\openworldtactile_marker_tracking.py,true
docs/internal/ENTRYPOINT_MATRIX.md,../../active-isaaclab-2.1.1/experiments/tactile-bench/api/openworldtactile_mounted_uipc.py,D:\DesktopFiles\github_release\IsaacSim-Tactile4OpenWorld\active-isaaclab-2.1.1\experiments\tactile-bench\api\openworldtactile_mounted_uipc.py,true
docs/internal/ENTRYPOINT_MATRIX.md,../../active-isaaclab-2.1.1/experiments/tactile-bench/api/openworldtactile_uipc_force.py,D:\DesktopFiles\github_release\IsaacSim-Tactile4OpenWorld\active-isaaclab-2.1.1\experiments\tactile-bench\api\openworldtactile_uipc_force.py,true
docs/internal/ENTRYPOINT_MATRIX.md,../../active-isaaclab-2.1.1/tools/data/export_hdf5_images.py,D:\DesktopFiles\github_release\IsaacSim-Tactile4OpenWorld\active-isaaclab-2.1.1\tools\data\export_hdf5_images.py,true
docs/internal/ENTRYPOINT_MATRIX.md,../../active-isaaclab-2.1.1/tools/data/export_hdf5_tactile_images.py,D:\DesktopFiles\github_release\IsaacSim-Tactile4OpenWorld\active-isaaclab-2.1.1\tools\data\export_hdf5_tactile_images.py,true
docs/internal/ENTRYPOINT_MATRIX.md,../../active-isaaclab-2.1.1/tools/data/view_hdf5_images.py,D:\DesktopFiles\github_release\IsaacSim-Tactile4OpenWorld\active-isaaclab-2.1.1\tools\data\view_hdf5_images.py,true
docs/internal/ENTRYPOINT_MATRIX.md,../../archive-isaaclab-2.3.2/experiments/basics/kuka_allegro_basic.py,D:\DesktopFiles\github_release\IsaacSim-Tactile4OpenWorld\archive-isaaclab-2.3.2\experiments\basics\kuka_allegro_basic.py,true
docs/internal/ENTRYPOINT_MATRIX.md,../../archive-isaaclab-2.3.2/experiments/basics/sawyer_arm_basic.py,D:\DesktopFiles\github_release\IsaacSim-Tactile4OpenWorld\archive-isaaclab-2.3.2\experiments\basics\sawyer_arm_basic.py,true
docs/internal/ENTRYPOINT_MATRIX.md,../../archive-isaaclab-2.3.2/experiments/franka/current/contact_points_openworldtactile.py,D:\DesktopFiles\github_release\IsaacSim-Tactile4OpenWorld\archive-isaaclab-2.3.2\experiments\franka\current\contact_points_openworldtactile.py,true
docs/internal/ENTRYPOINT_MATRIX.md,../../archive-isaaclab-2.3.2/experiments/franka/current/cop_force_map.py,D:\DesktopFiles\github_release\IsaacSim-Tactile4OpenWorld\archive-isaaclab-2.3.2\experiments\franka\current\cop_force_map.py,true
docs/internal/ENTRYPOINT_MATRIX.md,../../archive-isaaclab-2.3.2/experiments/franka/current/cop_rgb_sdk.py,D:\DesktopFiles\github_release\IsaacSim-Tactile4OpenWorld\archive-isaaclab-2.3.2\experiments\franka\current\cop_rgb_sdk.py,true
docs/internal/ENTRYPOINT_MATRIX.md,../../archive-isaaclab-2.3.2/experiments/franka/current/cop_rgb_sdk_friction.py,D:\DesktopFiles\github_release\IsaacSim-Tactile4OpenWorld\archive-isaaclab-2.3.2\experiments\franka\current\cop_rgb_sdk_friction.py,true
docs/internal/ENTRYPOINT_MATRIX.md,../../archive-isaaclab-2.3.2/experiments/franka/current/object_raycast_openworldtactile.py,D:\DesktopFiles\github_release\IsaacSim-Tactile4OpenWorld\archive-isaaclab-2.3.2\experiments\franka\current\object_raycast_openworldtactile.py,true
docs/internal/ENTRYPOINT_MATRIX.md,../../archive-isaaclab-2.3.2/experiments/franka/current/raycast_force_map.py,D:\DesktopFiles\github_release\IsaacSim-Tactile4OpenWorld\archive-isaaclab-2.3.2\experiments\franka\current\raycast_force_map.py,true
docs/internal/ENTRYPOINT_MATRIX.md,../../archive-isaaclab-2.3.2/experiments/franka/current/sdf_taxel_rgb_sdk.py,D:\DesktopFiles\github_release\IsaacSim-Tactile4OpenWorld\archive-isaaclab-2.3.2\experiments\franka\current\sdf_taxel_rgb_sdk.py,true
docs/internal/ENTRYPOINT_MATRIX.md,../../archive-isaaclab-2.3.2/experiments/franka/current/sdf_taxel_rgb_sdk_openworldtactile_aligned.py,D:\DesktopFiles\github_release\IsaacSim-Tactile4OpenWorld\archive-isaaclab-2.3.2\experiments\franka\current\sdf_taxel_rgb_sdk_openworldtactile_aligned.py,true
docs/internal/ENTRYPOINT_MATRIX.md,../../archive-isaaclab-2.3.2/experiments/franka/current/ST_RGB_shear.py,D:\DesktopFiles\github_release\IsaacSim-Tactile4OpenWorld\archive-isaaclab-2.3.2\experiments\franka\current\ST_RGB_shear.py,true
docs/internal/ENTRYPOINT_MATRIX.md,../../archive-isaaclab-2.3.2/experiments/franka/current/tactile_camera_openworldtactile.py,D:\DesktopFiles\github_release\IsaacSim-Tactile4OpenWorld\archive-isaaclab-2.3.2\experiments\franka\current\tactile_camera_openworldtactile.py,true
docs/internal/ENTRYPOINT_MATRIX.md,../../archive-isaaclab-2.3.2/experiments/rgb-pipeline/dual_openworldtactile_clamp_rgb_fxyz_ui.py,D:\DesktopFiles\github_release\IsaacSim-Tactile4OpenWorld\archive-isaaclab-2.3.2\experiments\rgb-pipeline\dual_openworldtactile_clamp_rgb_fxyz_ui.py,true
docs/internal/ENTRYPOINT_MATRIX.md,../../archive-isaaclab-2.3.2/experiments/rgb-pipeline/dual_openworldtactile_physical_lift_cube_rgb_fxyz_ui.py,D:\DesktopFiles\github_release\IsaacSim-Tactile4OpenWorld\archive-isaaclab-2.3.2\experiments\rgb-pipeline\dual_openworldtactile_physical_lift_cube_rgb_fxyz_ui.py,true
docs/internal/ENTRYPOINT_MATRIX.md,../../archive-isaaclab-2.3.2/experiments/rgb-pipeline/dual_openworldtactile_physical_lift_doublecube_rgb_fxyz_ui.py,D:\DesktopFiles\github_release\IsaacSim-Tactile4OpenWorld\archive-isaaclab-2.3.2\experiments\rgb-pipeline\dual_openworldtactile_physical_lift_doublecube_rgb_fxyz_ui.py,true
docs/internal/ENTRYPOINT_MATRIX.md,../../archive-isaaclab-2.3.2/experiments/rgb-pipeline/dual_openworldtactile_physical_lift_rgb_fxyz_ui.py,D:\DesktopFiles\github_release\IsaacSim-Tactile4OpenWorld\archive-isaaclab-2.3.2\experiments\rgb-pipeline\dual_openworldtactile_physical_lift_rgb_fxyz_ui.py,true
docs/internal/ENTRYPOINT_MATRIX.md,../../archive-isaaclab-2.3.2/experiments/rgb-pipeline/openworldtactile_rgb_fxyz_ui.py,D:\DesktopFiles\github_release\IsaacSim-Tactile4OpenWorld\archive-isaaclab-2.3.2\experiments\rgb-pipeline\openworldtactile_rgb_fxyz_ui.py,true
docs/internal/ENTRYPOINT_MATRIX.md,../../archive-isaaclab-2.3.2/experiments/sensors/openworldtactile_finger_sensor.py,D:\DesktopFiles\github_release\IsaacSim-Tactile4OpenWorld\archive-isaaclab-2.3.2\experiments\sensors\openworldtactile_finger_sensor.py,true
docs/internal/ENTRYPOINT_MATRIX.md,../../archive-isaaclab-2.3.2/experiments/sensors/openworldtactile_gelsight_cube_sensor.py,D:\DesktopFiles\github_release\IsaacSim-Tactile4OpenWorld\archive-isaaclab-2.3.2\experiments\sensors\openworldtactile_gelsight_cube_sensor.py,true
docs/internal/ENTRYPOINT_MATRIX.md,../../archive-isaaclab-2.3.2/experiments/sensors/openworldtactile_gelsight_original_sensor.py,D:\DesktopFiles\github_release\IsaacSim-Tactile4OpenWorld\archive-isaaclab-2.3.2\experiments\sensors\openworldtactile_gelsight_original_sensor.py,true
docs/internal/ENTRYPOINT_MATRIX.md,../../archive-isaaclab-2.3.2/experiments/sensors/openworldtactile_sensor.py,D:\DesktopFiles\github_release\IsaacSim-Tactile4OpenWorld\archive-isaaclab-2.3.2\experiments\sensors\openworldtactile_sensor.py,true
docs/internal/EXTERNAL_PATH_REFERENCES.md,../../tools/repository/external_path_references.csv,D:\DesktopFiles\github_release\IsaacSim-Tactile4OpenWorld\tools\repository\external_path_references.csv,true
docs/internal/EXTERNAL_PATH_REFERENCES.md,../../tools/repository/PATH_ADAPTATION_PLAN.csv,D:\DesktopFiles\github_release\IsaacSim-Tactile4OpenWorld\tools\repository\PATH_ADAPTATION_PLAN.csv,true
docs/internal/EXTERNAL_PATH_REFERENCES.md,../../tools/repository/PORTABILITY_ADAPTATIONS.csv,D:\DesktopFiles\github_release\IsaacSim-Tactile4OpenWorld\tools\repository\PORTABILITY_ADAPTATIONS.csv,true
docs/internal/LEGACY_GUIDE.md,../../archive-isaaclab-2.3.2/,D:\DesktopFiles\github_release\IsaacSim-Tactile4OpenWorld\archive-isaaclab-2.3.2,true
docs/internal/LEGACY_GUIDE.md,../../archive-isaaclab-2.3.2/VERSION,D:\DesktopFiles\github_release\IsaacSim-Tactile4OpenWorld\archive-isaaclab-2.3.2\VERSION,true
docs/internal/LEGACY_GUIDE.md,../../archive-isaaclab-2.3.2/packages/contrib/,D:\DesktopFiles\github_release\IsaacSim-Tactile4OpenWorld\archive-isaaclab-2.3.2\packages\contrib,true
docs/internal/LEGACY_GUIDE.md,../../archive-isaaclab-2.3.2/packages/assets-patches/,D:\DesktopFiles\github_release\IsaacSim-Tactile4OpenWorld\archive-isaaclab-2.3.2\packages\assets-patches,true
docs/internal/LEGACY_GUIDE.md,../../archive-isaaclab-2.3.2/experiments/franka/current/,D:\DesktopFiles\github_release\IsaacSim-Tactile4OpenWorld\archive-isaaclab-2.3.2\experiments\franka\current,true
docs/internal/LEGACY_GUIDE.md,../../archive-isaaclab-2.3.2/experiments/sensors/,D:\DesktopFiles\github_release\IsaacSim-Tactile4OpenWorld\archive-isaaclab-2.3.2\experiments\sensors,true
docs/internal/LEGACY_GUIDE.md,../../archive-isaaclab-2.3.2/experiments/rgb-pipeline/,D:\DesktopFiles\github_release\IsaacSim-Tactile4OpenWorld\archive-isaaclab-2.3.2\experiments\rgb-pipeline,true
docs/internal/LEGACY_GUIDE.md,../../archive-isaaclab-2.3.2/hardware-sdk/,D:\DesktopFiles\github_release\IsaacSim-Tactile4OpenWorld\archive-isaaclab-2.3.2\hardware-sdk,true
docs/internal/LEGACY_GUIDE.md,../../archive-isaaclab-2.3.2/notes/,D:\DesktopFiles\github_release\IsaacSim-Tactile4OpenWorld\archive-isaaclab-2.3.2\notes,true
docs/internal/LEGACY_GUIDE.md,../../archive-isaaclab-2.3.2/tools/inspect_gelsight_cfg.py,D:\DesktopFiles\github_release\IsaacSim-Tactile4OpenWorld\archive-isaaclab-2.3.2\tools\inspect_gelsight_cfg.py,true
docs/internal/LEGACY_GUIDE.md,../../archive-isaaclab-2.3.2/tools/set_openworldtactile_camera_view.py,D:\DesktopFiles\github_release\IsaacSim-Tactile4OpenWorld\archive-isaaclab-2.3.2\tools\set_openworldtactile_camera_view.py,true
docs/internal/LEGACY_GUIDE.md,../../archive-isaaclab-2.3.2/tools/run-original-gelsight.sh,D:\DesktopFiles\github_release\IsaacSim-Tactile4OpenWorld\archive-isaaclab-2.3.2\tools\run-original-gelsight.sh,true
docs/internal/LEGACY_GUIDE.md,ENTRYPOINT_MATRIX.md,D:\DesktopFiles\github_release\IsaacSim-Tactile4OpenWorld\docs\internal\ENTRYPOINT_MATRIX.md,true
docs/internal/LEGACY_GUIDE.md,DEPENDENCY_GAPS.md,D:\DesktopFiles\github_release\IsaacSim-Tactile4OpenWorld\docs\internal\DEPENDENCY_GAPS.md,true
docs/internal/LEGACY_GUIDE.md,VERSION_RELATIONSHIP.md,D:\DesktopFiles\github_release\IsaacSim-Tactile4OpenWorld\docs\internal\VERSION_RELATIONSHIP.md,true
docs/internal/MAINLINE_GUIDE.md,../../active-isaaclab-2.1.1/,D:\DesktopFiles\github_release\IsaacSim-Tactile4OpenWorld\active-isaaclab-2.1.1,true
docs/internal/MAINLINE_GUIDE.md,../../active-isaaclab-2.1.1/packages/core/,D:\DesktopFiles\github_release\IsaacSim-Tactile4OpenWorld\active-isaaclab-2.1.1\packages\core,true
docs/internal/MAINLINE_GUIDE.md,../../active-isaaclab-2.1.1/packages/assets/,D:\DesktopFiles\github_release\IsaacSim-Tactile4OpenWorld\active-isaaclab-2.1.1\packages\assets,true
docs/internal/MAINLINE_GUIDE.md,../../active-isaaclab-2.1.1/packages/tasks/,D:\DesktopFiles\github_release\IsaacSim-Tactile4OpenWorld\active-isaaclab-2.1.1\packages\tasks,true
docs/internal/MAINLINE_GUIDE.md,../../active-isaaclab-2.1.1/packages/uipc/,D:\DesktopFiles\github_release\IsaacSim-Tactile4OpenWorld\active-isaaclab-2.1.1\packages\uipc,true
docs/internal/MAINLINE_GUIDE.md,../../active-isaaclab-2.1.1/experiments/benchmarks/,D:\DesktopFiles\github_release\IsaacSim-Tactile4OpenWorld\active-isaaclab-2.1.1\experiments\benchmarks,true
docs/internal/MAINLINE_GUIDE.md,../../active-isaaclab-2.1.1/experiments/manipulation/,D:\DesktopFiles\github_release\IsaacSim-Tactile4OpenWorld\active-isaaclab-2.1.1\experiments\manipulation,true
docs/internal/MAINLINE_GUIDE.md,../../active-isaaclab-2.1.1/experiments/tactile-bench/,D:\DesktopFiles\github_release\IsaacSim-Tactile4OpenWorld\active-isaaclab-2.1.1\experiments\tactile-bench,true
docs/internal/MAINLINE_GUIDE.md,../../active-isaaclab-2.1.1/tools/data/,D:\DesktopFiles\github_release\IsaacSim-Tactile4OpenWorld\active-isaaclab-2.1.1\tools\data,true
docs/internal/MAINLINE_GUIDE.md,../../active-isaaclab-2.1.1/vendor/agilex-piper/,D:\DesktopFiles\github_release\IsaacSim-Tactile4OpenWorld\active-isaaclab-2.1.1\vendor\agilex-piper,true
docs/internal/MAINLINE_GUIDE.md,../../active-isaaclab-2.1.1/run.sh,D:\DesktopFiles\github_release\IsaacSim-Tactile4OpenWorld\active-isaaclab-2.1.1\run.sh,true
docs/internal/MAINLINE_GUIDE.md,../../active-isaaclab-2.1.1/experiments/tactile-bench/README.md,D:\DesktopFiles\github_release\IsaacSim-Tactile4OpenWorld\active-isaaclab-2.1.1\experiments\tactile-bench\README.md,true
docs/internal/MAINLINE_GUIDE.md,OWTBENCH_VERSION_INDEX.md,D:\DesktopFiles\github_release\IsaacSim-Tactile4OpenWorld\docs\internal\OWTBENCH_VERSION_INDEX.md,true
docs/internal/MAINLINE_GUIDE.md,../../active-isaaclab-2.1.1/experiments/tactile-bench/OpenWorldTactile_v6_2_grasp.py,D:\DesktopFiles\github_release\IsaacSim-Tactile4OpenWorld\active-isaaclab-2.1.1\experiments\tactile-bench\OpenWorldTactile_v6_2_grasp.py,true
docs/internal/MAINLINE_GUIDE.md,ENTRYPOINT_MATRIX.md,D:\DesktopFiles\github_release\IsaacSim-Tactile4OpenWorld\docs\internal\ENTRYPOINT_MATRIX.md,true
docs/internal/MAINLINE_GUIDE.md,DEPENDENCY_GAPS.md,D:\DesktopFiles\github_release\IsaacSim-Tactile4OpenWorld\docs\internal\DEPENDENCY_GAPS.md,true
docs/internal/OPEN_SOURCE_READINESS.md,../../LICENSE,D:\DesktopFiles\github_release\IsaacSim-Tactile4OpenWorld\LICENSE,true
docs/internal/OPEN_SOURCE_READINESS.md,../../NOTICE,D:\DesktopFiles\github_release\IsaacSim-Tactile4OpenWorld\NOTICE,true
docs/internal/OPEN_SOURCE_READINESS.md,../../THIRD_PARTY_NOTICES.md,D:\DesktopFiles\github_release\IsaacSim-Tactile4OpenWorld\THIRD_PARTY_NOTICES.md,true
docs/internal/OPEN_SOURCE_READINESS.md,../../CITATIONS.md,D:\DesktopFiles\github_release\IsaacSim-Tactile4OpenWorld\CITATIONS.md,true
docs/internal/OPEN_SOURCE_READINESS.md,../../tools/repository/audit_open_source.py,D:\DesktopFiles\github_release\IsaacSim-Tactile4OpenWorld\tools\repository\audit_open_source.py,true
docs/internal/README.md,../README.md,D:\DesktopFiles\github_release\IsaacSim-Tactile4OpenWorld\docs\README.md,true
docs/internal/README.md,../README.zh-CN.md,D:\DesktopFiles\github_release\IsaacSim-Tactile4OpenWorld\docs\README.zh-CN.md,true
docs/internal/README.md,../../tools/repository/README.md,D:\DesktopFiles\github_release\IsaacSim-Tactile4OpenWorld\tools\repository\README.md,true
docs/internal/README.md,../../tools/repository/README.zh-CN.md,D:\DesktopFiles\github_release\IsaacSim-Tactile4OpenWorld\tools\repository\README.zh-CN.md,true
docs/internal/THIRD_PARTY_BOUNDARIES.md,../../THIRD_PARTY_NOTICES.md,D:\DesktopFiles\github_release\IsaacSim-Tactile4OpenWorld\THIRD_PARTY_NOTICES.md,true
docs/internal/THIRD_PARTY_BOUNDARIES.md,../../CITATIONS.md,D:\DesktopFiles\github_release\IsaacSim-Tactile4OpenWorld\CITATIONS.md,true
docs/internal/VERSION_RELATIONSHIP.md,../../active-isaaclab-2.1.1/,D:\DesktopFiles\github_release\IsaacSim-Tactile4OpenWorld\active-isaaclab-2.1.1,true
docs/internal/VERSION_RELATIONSHIP.md,../../archive-isaaclab-2.3.2/,D:\DesktopFiles\github_release\IsaacSim-Tactile4OpenWorld\archive-isaaclab-2.3.2,true
docs/internal/VERSION_RELATIONSHIP.md,VERSION_LINEAGE.md,D:\DesktopFiles\github_release\IsaacSim-Tactile4OpenWorld\docs\internal\VERSION_LINEAGE.md,true
docs/internal/VERSION_RELATIONSHIP.md,OWTBENCH_VERSION_INDEX.md,D:\DesktopFiles\github_release\IsaacSim-Tactile4OpenWorld\docs\internal\OWTBENCH_VERSION_INDEX.md,true
docs/README.md,en/getting-started/installation.md,D:\DesktopFiles\github_release\IsaacSim-Tactile4OpenWorld\docs\en\getting-started\installation.md,true
docs/README.md,en/getting-started/quick-start.md,D:\DesktopFiles\github_release\IsaacSim-Tactile4OpenWorld\docs\en\getting-started\quick-start.md,true
docs/README.md,en/guides/experiments.md,D:\DesktopFiles\github_release\IsaacSim-Tactile4OpenWorld\docs\en\guides\experiments.md,true
docs/README.md,en/guides/tasks-and-training.md,D:\DesktopFiles\github_release\IsaacSim-Tactile4OpenWorld\docs\en\guides\tasks-and-training.md,true
docs/README.md,en/guides/data-and-outputs.md,D:\DesktopFiles\github_release\IsaacSim-Tactile4OpenWorld\docs\en\guides\data-and-outputs.md,true
docs/README.md,en/guides/custom-integration.md,D:\DesktopFiles\github_release\IsaacSim-Tactile4OpenWorld\docs\en\guides\custom-integration.md,true
docs/README.md,en/reference/architecture.md,D:\DesktopFiles\github_release\IsaacSim-Tactile4OpenWorld\docs\en\reference\architecture.md,true
docs/README.md,en/reference/compatibility.md,D:\DesktopFiles\github_release\IsaacSim-Tactile4OpenWorld\docs\en\reference\compatibility.md,true
docs/README.md,en/reference/configuration.md,D:\DesktopFiles\github_release\IsaacSim-Tactile4OpenWorld\docs\en\reference\configuration.md,true
docs/README.md,en/reference/experiment-lineage.md,D:\DesktopFiles\github_release\IsaacSim-Tactile4OpenWorld\docs\en\reference\experiment-lineage.md,true
docs/README.md,en/reference/repository-layout.md,D:\DesktopFiles\github_release\IsaacSim-Tactile4OpenWorld\docs\en\reference\repository-layout.md,true
docs/README.md,en/help/troubleshooting.md,D:\DesktopFiles\github_release\IsaacSim-Tactile4OpenWorld\docs\en\help\troubleshooting.md,true
docs/README.md,en/help/faq.md,D:\DesktopFiles\github_release\IsaacSim-Tactile4OpenWorld\docs\en\help\faq.md,true
docs/README.md,en/guides/legacy.md,D:\DesktopFiles\github_release\IsaacSim-Tactile4OpenWorld\docs\en\guides\legacy.md,true
docs/README.md,../CONTRIBUTING.md,D:\DesktopFiles\github_release\IsaacSim-Tactile4OpenWorld\CONTRIBUTING.md,true
docs/README.md,../SECURITY.md,D:\DesktopFiles\github_release\IsaacSim-Tactile4OpenWorld\SECURITY.md,true
docs/README.md,../CITATIONS.md,D:\DesktopFiles\github_release\IsaacSim-Tactile4OpenWorld\CITATIONS.md,true
docs/README.md,../THIRD_PARTY_NOTICES.md,D:\DesktopFiles\github_release\IsaacSim-Tactile4OpenWorld\THIRD_PARTY_NOTICES.md,true
docs/README.md,internal/,D:\DesktopFiles\github_release\IsaacSim-Tactile4OpenWorld\docs\internal,true
docs/README.zh-CN.md,zh-CN/getting-started/installation.md,D:\DesktopFiles\github_release\IsaacSim-Tactile4OpenWorld\docs\zh-CN\getting-started\installation.md,true
docs/README.zh-CN.md,zh-CN/getting-started/quick-start.md,D:\DesktopFiles\github_release\IsaacSim-Tactile4OpenWorld\docs\zh-CN\getting-started\quick-start.md,true
docs/README.zh-CN.md,zh-CN/guides/experiments.md,D:\DesktopFiles\github_release\IsaacSim-Tactile4OpenWorld\docs\zh-CN\guides\experiments.md,true
docs/README.zh-CN.md,zh-CN/guides/tasks-and-training.md,D:\DesktopFiles\github_release\IsaacSim-Tactile4OpenWorld\docs\zh-CN\guides\tasks-and-training.md,true
docs/README.zh-CN.md,zh-CN/guides/data-and-outputs.md,D:\DesktopFiles\github_release\IsaacSim-Tactile4OpenWorld\docs\zh-CN\guides\data-and-outputs.md,true
docs/README.zh-CN.md,zh-CN/guides/custom-integration.md,D:\DesktopFiles\github_release\IsaacSim-Tactile4OpenWorld\docs\zh-CN\guides\custom-integration.md,true
docs/README.zh-CN.md,zh-CN/reference/architecture.md,D:\DesktopFiles\github_release\IsaacSim-Tactile4OpenWorld\docs\zh-CN\reference\architecture.md,true
docs/README.zh-CN.md,zh-CN/reference/compatibility.md,D:\DesktopFiles\github_release\IsaacSim-Tactile4OpenWorld\docs\zh-CN\reference\compatibility.md,true
docs/README.zh-CN.md,zh-CN/reference/configuration.md,D:\DesktopFiles\github_release\IsaacSim-Tactile4OpenWorld\docs\zh-CN\reference\configuration.md,true
docs/README.zh-CN.md,zh-CN/reference/experiment-lineage.md,D:\DesktopFiles\github_release\IsaacSim-Tactile4OpenWorld\docs\zh-CN\reference\experiment-lineage.md,true
docs/README.zh-CN.md,zh-CN/reference/repository-layout.md,D:\DesktopFiles\github_release\IsaacSim-Tactile4OpenWorld\docs\zh-CN\reference\repository-layout.md,true
docs/README.zh-CN.md,zh-CN/help/troubleshooting.md,D:\DesktopFiles\github_release\IsaacSim-Tactile4OpenWorld\docs\zh-CN\help\troubleshooting.md,true
docs/README.zh-CN.md,zh-CN/help/faq.md,D:\DesktopFiles\github_release\IsaacSim-Tactile4OpenWorld\docs\zh-CN\help\faq.md,true
docs/README.zh-CN.md,zh-CN/guides/legacy.md,D:\DesktopFiles\github_release\IsaacSim-Tactile4OpenWorld\docs\zh-CN\guides\legacy.md,true
docs/README.zh-CN.md,../CONTRIBUTING.zh-CN.md,D:\DesktopFiles\github_release\IsaacSim-Tactile4OpenWorld\CONTRIBUTING.zh-CN.md,true
docs/README.zh-CN.md,../SECURITY.zh-CN.md,D:\DesktopFiles\github_release\IsaacSim-Tactile4OpenWorld\SECURITY.zh-CN.md,true
docs/README.zh-CN.md,../CITATIONS.zh-CN.md,D:\DesktopFiles\github_release\IsaacSim-Tactile4OpenWorld\CITATIONS.zh-CN.md,true
docs/README.zh-CN.md,../THIRD_PARTY_NOTICES.zh-CN.md,D:\DesktopFiles\github_release\IsaacSim-Tactile4OpenWorld\THIRD_PARTY_NOTICES.zh-CN.md,true
docs/README.zh-CN.md,internal/,D:\DesktopFiles\github_release\IsaacSim-Tactile4OpenWorld\docs\internal,true
docs/zh-CN/getting-started/installation.md,../../../active-isaaclab-2.1.1/packages/uipc/libuipc/docs/build_install/linux.md,D:\DesktopFiles\github_release\IsaacSim-Tactile4OpenWorld\active-isaaclab-2.1.1\packages\uipc\libuipc\docs\build_install\linux.md,true
docs/zh-CN/getting-started/installation.md,quick-start.md,D:\DesktopFiles\github_release\IsaacSim-Tactile4OpenWorld\docs\zh-CN\getting-started\quick-start.md,true
docs/zh-CN/getting-started/installation.md,../help/troubleshooting.md#uipc-构建失败,D:\DesktopFiles\github_release\IsaacSim-Tactile4OpenWorld\docs\zh-CN\help\troubleshooting.md,true
docs/zh-CN/getting-started/installation.md,quick-start.md,D:\DesktopFiles\github_release\IsaacSim-Tactile4OpenWorld\docs\zh-CN\getting-started\quick-start.md,true
docs/zh-CN/getting-started/installation.md,../reference/compatibility.md,D:\DesktopFiles\github_release\IsaacSim-Tactile4OpenWorld\docs\zh-CN\reference\compatibility.md,true
docs/zh-CN/getting-started/quick-start.md,installation.md,D:\DesktopFiles\github_release\IsaacSim-Tactile4OpenWorld\docs\zh-CN\getting-started\installation.md,true
docs/zh-CN/getting-started/quick-start.md,../help/troubleshooting.md,D:\DesktopFiles\github_release\IsaacSim-Tactile4OpenWorld\docs\zh-CN\help\troubleshooting.md,true
docs/zh-CN/getting-started/quick-start.md,../guides/experiments.md#v1-固定柔性膜基准,D:\DesktopFiles\github_release\IsaacSim-Tactile4OpenWorld\docs\zh-CN\guides\experiments.md,true
docs/zh-CN/getting-started/quick-start.md,../guides/experiments.md#v62-piper-闭环抓取,D:\DesktopFiles\github_release\IsaacSim-Tactile4OpenWorld\docs\zh-CN\guides\experiments.md,true
docs/zh-CN/getting-started/quick-start.md,../guides/tasks-and-training.md,D:\DesktopFiles\github_release\IsaacSim-Tactile4OpenWorld\docs\zh-CN\guides\tasks-and-training.md,true
docs/zh-CN/getting-started/quick-start.md,../guides/data-and-outputs.md,D:\DesktopFiles\github_release\IsaacSim-Tactile4OpenWorld\docs\zh-CN\guides\data-and-outputs.md,true
docs/zh-CN/getting-started/quick-start.md,../reference/architecture.md,D:\DesktopFiles\github_release\IsaacSim-Tactile4OpenWorld\docs\zh-CN\reference\architecture.md,true
docs/zh-CN/guides/custom-integration.md,../../../active-isaaclab-2.1.1/experiments/simulation-prototypes/check_taxim_sim.py,D:\DesktopFiles\github_release\IsaacSim-Tactile4OpenWorld\active-isaaclab-2.1.1\experiments\simulation-prototypes\check_taxim_sim.py,true
docs/zh-CN/guides/custom-integration.md,../../../active-isaaclab-2.1.1/experiments/simulation-prototypes/check_mani_skill_marker_franka.py,D:\DesktopFiles\github_release\IsaacSim-Tactile4OpenWorld\active-isaaclab-2.1.1\experiments\simulation-prototypes\check_mani_skill_marker_franka.py,true
docs/zh-CN/guides/custom-integration.md,../../../active-isaaclab-2.1.1/packages/tasks/openworldtactile_tasks/inhand/config/allegro_hand/allegro_env_cfg.py,D:\DesktopFiles\github_release\IsaacSim-Tactile4OpenWorld\active-isaaclab-2.1.1\packages\tasks\openworldtactile_tasks\inhand\config\allegro_hand\allegro_env_cfg.py,true
docs/zh-CN/guides/custom-integration.md,../../../active-isaaclab-2.1.1/experiments/tactile-bench/OpenWorldTactile_v1.py,D:\DesktopFiles\github_release\IsaacSim-Tactile4OpenWorld\active-isaaclab-2.1.1\experiments\tactile-bench\OpenWorldTactile_v1.py,true
docs/zh-CN/guides/custom-integration.md,../../../active-isaaclab-2.1.1/experiments/tactile-bench/OpenWorldTactile_v6_2_grasp.py,D:\DesktopFiles\github_release\IsaacSim-Tactile4OpenWorld\active-isaaclab-2.1.1\experiments\tactile-bench\OpenWorldTactile_v6_2_grasp.py,true
docs/zh-CN/guides/data-and-outputs.md,experiments.md#v62-piper-闭环抓取,D:\DesktopFiles\github_release\IsaacSim-Tactile4OpenWorld\docs\zh-CN\guides\experiments.md,true
docs/zh-CN/guides/experiments.md,data-and-outputs.md#v1-输出契约,D:\DesktopFiles\github_release\IsaacSim-Tactile4OpenWorld\docs\zh-CN\guides\data-and-outputs.md,true
docs/zh-CN/guides/experiments.md,data-and-outputs.md#v62-输出分组,D:\DesktopFiles\github_release\IsaacSim-Tactile4OpenWorld\docs\zh-CN\guides\data-and-outputs.md,true
docs/zh-CN/guides/experiments.md,../../internal/ENTRYPOINT_MATRIX.md,D:\DesktopFiles\github_release\IsaacSim-Tactile4OpenWorld\docs\internal\ENTRYPOINT_MATRIX.md,true
docs/zh-CN/guides/legacy.md,../../../archive-isaaclab-2.3.2/hardware-sdk/README.md,D:\DesktopFiles\github_release\IsaacSim-Tactile4OpenWorld\archive-isaaclab-2.3.2\hardware-sdk\README.md,true
docs/zh-CN/guides/legacy.md,../../internal/ENTRYPOINT_MATRIX.md,D:\DesktopFiles\github_release\IsaacSim-Tactile4OpenWorld\docs\internal\ENTRYPOINT_MATRIX.md,true
docs/zh-CN/guides/tasks-and-training.md,../getting-started/installation.md,D:\DesktopFiles\github_release\IsaacSim-Tactile4OpenWorld\docs\zh-CN\getting-started\installation.md,true
docs/zh-CN/help/faq.md,../getting-started/installation.md,D:\DesktopFiles\github_release\IsaacSim-Tactile4OpenWorld\docs\zh-CN\getting-started\installation.md,true
docs/zh-CN/help/faq.md,../getting-started/quick-start.md,D:\DesktopFiles\github_release\IsaacSim-Tactile4OpenWorld\docs\zh-CN\getting-started\quick-start.md,true
docs/zh-CN/help/faq.md,../reference/experiment-lineage.md,D:\DesktopFiles\github_release\IsaacSim-Tactile4OpenWorld\docs\zh-CN\reference\experiment-lineage.md,true
docs/zh-CN/help/faq.md,../guides/data-and-outputs.md,D:\DesktopFiles\github_release\IsaacSim-Tactile4OpenWorld\docs\zh-CN\guides\data-and-outputs.md,true
docs/zh-CN/help/faq.md,../guides/tasks-and-training.md#连接-isaac-lab-启动器,D:\DesktopFiles\github_release\IsaacSim-Tactile4OpenWorld\docs\zh-CN\guides\tasks-and-training.md,true
docs/zh-CN/help/faq.md,../../../THIRD_PARTY_NOTICES.zh-CN.md,D:\DesktopFiles\github_release\IsaacSim-Tactile4OpenWorld\THIRD_PARTY_NOTICES.zh-CN.md,true
docs/zh-CN/help/faq.md,../../../CITATION.cff,D:\DesktopFiles\github_release\IsaacSim-Tactile4OpenWorld\CITATION.cff,true
docs/zh-CN/help/faq.md,../../../CITATIONS.zh-CN.md,D:\DesktopFiles\github_release\IsaacSim-Tactile4OpenWorld\CITATIONS.zh-CN.md,true
docs/zh-CN/help/faq.md,troubleshooting.md#提交可复现问题,D:\DesktopFiles\github_release\IsaacSim-Tactile4OpenWorld\docs\zh-CN\help\troubleshooting.md,true
docs/zh-CN/help/troubleshooting.md,../guides/experiments.md#所需形变契约,D:\DesktopFiles\github_release\IsaacSim-Tactile4OpenWorld\docs\zh-CN\guides\experiments.md,true
docs/zh-CN/help/troubleshooting.md,../guides/tasks-and-training.md#连接-isaac-lab-启动器,D:\DesktopFiles\github_release\IsaacSim-Tactile4OpenWorld\docs\zh-CN\guides\tasks-and-training.md,true
docs/zh-CN/reference/architecture.md,../guides/tasks-and-training.md,D:\DesktopFiles\github_release\IsaacSim-Tactile4OpenWorld\docs\zh-CN\guides\tasks-and-training.md,true
docs/zh-CN/reference/compatibility.md,../../../THIRD_PARTY_NOTICES.zh-CN.md,D:\DesktopFiles\github_release\IsaacSim-Tactile4OpenWorld\THIRD_PARTY_NOTICES.zh-CN.md,true
docs/zh-CN/reference/experiment-lineage.md,../../internal/ENTRYPOINT_MATRIX.md,D:\DesktopFiles\github_release\IsaacSim-Tactile4OpenWorld\docs\internal\ENTRYPOINT_MATRIX.md,true
docs/zh-CN/reference/repository-layout.md,../guides/legacy.md,D:\DesktopFiles\github_release\IsaacSim-Tactile4OpenWorld\docs\zh-CN\guides\legacy.md,true
docs/zh-CN/reference/repository-layout.md,../../internal/ENTRYPOINT_MATRIX.md,D:\DesktopFiles\github_release\IsaacSim-Tactile4OpenWorld\docs\internal\ENTRYPOINT_MATRIX.md,true
tools/repository/README.md,../../docs/internal/ENTRYPOINT_MATRIX.md,D:\DesktopFiles\github_release\IsaacSim-Tactile4OpenWorld\docs\internal\ENTRYPOINT_MATRIX.md,true
tools/repository/README.zh-CN.md,../../docs/internal/ENTRYPOINT_MATRIX.md,D:\DesktopFiles\github_release\IsaacSim-Tactile4OpenWorld\docs\internal\ENTRYPOINT_MATRIX.md,true
