item_id,baseline,source_file,reference,classification,reference_scope,priority,change_type,proposed_action,code_change_required,configuration_change_required,reason,current_status
PATH-0001,active-isaaclab-2.1,active-isaaclab-2.1/experiments/tactile-bench/OpenWorldTactile_gripper_follow_probe.py,/tmp/openworldtactile_uipc_min_gripper_follow_probe,runtime_output_or_temporary_path,code_or_script,low,runtime_output,保留运行时生成逻辑；目标环境按需设置输出/临时目录,no,possible,属于输出或临时路径，不是重构后的静态输入缺失,当前保留为运行时输出或临时路径
PATH-0002,active-isaaclab-2.1,active-isaaclab-2.1/experiments/tactile-bench/OpenWorldTactile_pad_link8_camera_viewer.py,/tmp/openworldtactile_uipc_pad_link8_manual_camera,runtime_output_or_temporary_path,code_or_script,low,runtime_output,保留运行时生成逻辑；目标环境按需设置输出/临时目录,no,possible,属于输出或临时路径，不是重构后的静态输入缺失,当前保留为运行时输出或临时路径
PATH-0003,active-isaaclab-2.1,active-isaaclab-2.1/experiments/tactile-bench/OpenWorldTactile_pad_usd_viewer.py,/tmp/openworldtactile_uipc_pad_loaded_adjusted,runtime_output_or_temporary_path,code_or_script,low,runtime_output,保留运行时生成逻辑；目标环境按需设置输出/临时目录,no,possible,属于输出或临时路径，不是重构后的静态输入缺失,当前保留为运行时输出或临时路径
PATH-0004,active-isaaclab-2.1,active-isaaclab-2.1/experiments/tactile-bench/OpenWorldTactile_pad_usd_viewer.py,/tmp/openworldtactile_uipc_pad_usd_only_viewer,runtime_output_or_temporary_path,code_or_script,low,runtime_output,保留运行时生成逻辑；目标环境按需设置输出/临时目录,no,possible,属于输出或临时路径，不是重构后的静态输入缺失,当前保留为运行时输出或临时路径
PATH-0005,active-isaaclab-2.1,active-isaaclab-2.1/experiments/tactile-bench/OpenWorldTactile_v1.py,/tmp/openworldtactile_newbench_validation,runtime_output_or_temporary_path,code_or_script,low,runtime_output,保留运行时生成逻辑；目标环境按需设置输出/临时目录,no,possible,属于输出或临时路径，不是重构后的静态输入缺失,当前保留为运行时输出或临时路径
PATH-0006,active-isaaclab-2.1,active-isaaclab-2.1/experiments/tactile-bench/OpenWorldTactile_v1.py,/tmp/openworldtactile_newbench_uipc,runtime_output_or_temporary_path,code_or_script,low,runtime_output,保留运行时生成逻辑；目标环境按需设置输出/临时目录,no,possible,属于输出或临时路径，不是重构后的静态输入缺失,当前保留为运行时输出或临时路径
PATH-0007,active-isaaclab-2.1,active-isaaclab-2.1/experiments/tactile-bench/OpenWorldTactile_v2.py,/tmp/openworldtactile_newbench_v2_validation,runtime_output_or_temporary_path,code_or_script,low,runtime_output,保留运行时生成逻辑；目标环境按需设置输出/临时目录,no,possible,属于输出或临时路径，不是重构后的静态输入缺失,当前保留为运行时输出或临时路径
PATH-0008,active-isaaclab-2.1,active-isaaclab-2.1/experiments/tactile-bench/OpenWorldTactile_v2.py,/tmp/openworldtactile_newbench_uipc,runtime_output_or_temporary_path,code_or_script,low,runtime_output,保留运行时生成逻辑；目标环境按需设置输出/临时目录,no,possible,属于输出或临时路径，不是重构后的静态输入缺失,当前保留为运行时输出或临时路径
PATH-0009,active-isaaclab-2.1,active-isaaclab-2.1/experiments/tactile-bench/OpenWorldTactile_v2_2.py,/tmp/openworldtactile_newbench_v2_2_validation,runtime_output_or_temporary_path,code_or_script,low,runtime_output,保留运行时生成逻辑；目标环境按需设置输出/临时目录,no,possible,属于输出或临时路径，不是重构后的静态输入缺失,当前保留为运行时输出或临时路径
PATH-0010,active-isaaclab-2.1,active-isaaclab-2.1/experiments/tactile-bench/OpenWorldTactile_v2_2.py,/tmp/openworldtactile_newbench_uipc,runtime_output_or_temporary_path,code_or_script,low,runtime_output,保留运行时生成逻辑；目标环境按需设置输出/临时目录,no,possible,属于输出或临时路径，不是重构后的静态输入缺失,当前保留为运行时输出或临时路径
PATH-0011,active-isaaclab-2.1,active-isaaclab-2.1/experiments/tactile-bench/OpenWorldTactile_v2_2_camera_membrane_test.py,/tmp/openworldtactile_uipc_v2_2_camera_membrane_test,runtime_output_or_temporary_path,code_or_script,low,runtime_output,保留运行时生成逻辑；目标环境按需设置输出/临时目录,no,possible,属于输出或临时路径，不是重构后的静态输入缺失,当前保留为运行时输出或临时路径
PATH-0012,active-isaaclab-2.1,active-isaaclab-2.1/experiments/tactile-bench/OpenWorldTactile_v2_3.py,/tmp/openworldtactile_surface_force_v2_3,runtime_output_or_temporary_path,code_or_script,low,runtime_output,保留运行时生成逻辑；目标环境按需设置输出/临时目录,no,possible,属于输出或临时路径，不是重构后的静态输入缺失,当前保留为运行时输出或临时路径
PATH-0013,active-isaaclab-2.1,active-isaaclab-2.1/experiments/tactile-bench/OpenWorldTactile_v2_3.py,/tmp/openworldtactile_newbench_uipc,runtime_output_or_temporary_path,code_or_script,low,runtime_output,保留运行时生成逻辑；目标环境按需设置输出/临时目录,no,possible,属于输出或临时路径，不是重构后的静态输入缺失,当前保留为运行时输出或临时路径
PATH-0014,active-isaaclab-2.1,active-isaaclab-2.1/experiments/tactile-bench/OpenWorldTactile_v2_3_marker_tracking_test.py,/tmp/openworldtactile_uipc_v2_3_marker_tracking_test,runtime_output_or_temporary_path,code_or_script,low,runtime_output,保留运行时生成逻辑；目标环境按需设置输出/临时目录,no,possible,属于输出或临时路径，不是重构后的静态输入缺失,当前保留为运行时输出或临时路径
PATH-0015,active-isaaclab-2.1,active-isaaclab-2.1/experiments/tactile-bench/OpenWorldTactile_v2_4.py,/tmp/openworldtactile_surface_force_v2_4,runtime_output_or_temporary_path,code_or_script,low,runtime_output,保留运行时生成逻辑；目标环境按需设置输出/临时目录,no,possible,属于输出或临时路径，不是重构后的静态输入缺失,当前保留为运行时输出或临时路径
PATH-0016,active-isaaclab-2.1,active-isaaclab-2.1/experiments/tactile-bench/OpenWorldTactile_v2_4.py,/tmp/openworldtactile_newbench_uipc,runtime_output_or_temporary_path,code_or_script,low,runtime_output,保留运行时生成逻辑；目标环境按需设置输出/临时目录,no,possible,属于输出或临时路径，不是重构后的静态输入缺失,当前保留为运行时输出或临时路径
PATH-0017,active-isaaclab-2.1,active-isaaclab-2.1/experiments/tactile-bench/OpenWorldTactile_v2_5.py,/tmp/openworldtactile_surface_force_v2_5,runtime_output_or_temporary_path,code_or_script,low,runtime_output,保留运行时生成逻辑；目标环境按需设置输出/临时目录,no,possible,属于输出或临时路径，不是重构后的静态输入缺失,当前保留为运行时输出或临时路径
PATH-0018,active-isaaclab-2.1,active-isaaclab-2.1/experiments/tactile-bench/OpenWorldTactile_v2_5.py,/tmp/openworldtactile_newbench_uipc,runtime_output_or_temporary_path,code_or_script,low,runtime_output,保留运行时生成逻辑；目标环境按需设置输出/临时目录,no,possible,属于输出或临时路径，不是重构后的静态输入缺失,当前保留为运行时输出或临时路径
PATH-0019,active-isaaclab-2.1,active-isaaclab-2.1/experiments/tactile-bench/OpenWorldTactile_v2_6.py,/tmp/openworldtactile_surface_force_v2_6,runtime_output_or_temporary_path,code_or_script,low,runtime_output,保留运行时生成逻辑；目标环境按需设置输出/临时目录,no,possible,属于输出或临时路径，不是重构后的静态输入缺失,当前保留为运行时输出或临时路径
PATH-0020,active-isaaclab-2.1,active-isaaclab-2.1/experiments/tactile-bench/OpenWorldTactile_v2_6.py,/tmp/openworldtactile_newbench_uipc,runtime_output_or_temporary_path,code_or_script,low,runtime_output,保留运行时生成逻辑；目标环境按需设置输出/临时目录,no,possible,属于输出或临时路径，不是重构后的静态输入缺失,当前保留为运行时输出或临时路径
PATH-0021,active-isaaclab-2.1,active-isaaclab-2.1/experiments/tactile-bench/OpenWorldTactile_v2_7.py,/tmp/openworldtactile_surface_force_v2_7,runtime_output_or_temporary_path,code_or_script,low,runtime_output,保留运行时生成逻辑；目标环境按需设置输出/临时目录,no,possible,属于输出或临时路径，不是重构后的静态输入缺失,当前保留为运行时输出或临时路径
PATH-0022,active-isaaclab-2.1,active-isaaclab-2.1/experiments/tactile-bench/OpenWorldTactile_v2_7.py,/tmp/openworldtactile_newbench_uipc,runtime_output_or_temporary_path,code_or_script,low,runtime_output,保留运行时生成逻辑；目标环境按需设置输出/临时目录,no,possible,属于输出或临时路径，不是重构后的静态输入缺失,当前保留为运行时输出或临时路径
PATH-0023,active-isaaclab-2.1,active-isaaclab-2.1/experiments/tactile-bench/OpenWorldTactile_v2_8.py,/tmp/openworldtactile_dataset_v2_8_{stamp},runtime_output_or_temporary_path,code_or_script,low,runtime_output,保留运行时生成逻辑；目标环境按需设置输出/临时目录,no,possible,属于输出或临时路径，不是重构后的静态输入缺失,当前保留为运行时输出或临时路径
PATH-0024,active-isaaclab-2.1,active-isaaclab-2.1/experiments/tactile-bench/OpenWorldTactile_v2_8.py,/tmp/openworldtactile_dataset_v2_8_,runtime_output_or_temporary_path,code_or_script,low,runtime_output,保留运行时生成逻辑；目标环境按需设置输出/临时目录,no,possible,属于输出或临时路径，不是重构后的静态输入缺失,当前保留为运行时输出或临时路径
PATH-0025,active-isaaclab-2.1,active-isaaclab-2.1/experiments/tactile-bench/OpenWorldTactile_v2_force_test.py,/tmp/openworldtactile_uipc_v2_force_core_test,runtime_output_or_temporary_path,code_or_script,low,runtime_output,保留运行时生成逻辑；目标环境按需设置输出/临时目录,no,possible,属于输出或临时路径，不是重构后的静态输入缺失,当前保留为运行时输出或临时路径
PATH-0026,active-isaaclab-2.1,active-isaaclab-2.1/experiments/tactile-bench/OpenWorldTactile_v4_1_mounted_contact.py,/tmp/openworldtactile_uipc_v4_1_mounted_contact,runtime_output_or_temporary_path,code_or_script,low,runtime_output,保留运行时生成逻辑；目标环境按需设置输出/临时目录,no,possible,属于输出或临时路径，不是重构后的静态输入缺失,当前保留为运行时输出或临时路径
PATH-0027,active-isaaclab-2.1,active-isaaclab-2.1/experiments/tactile-bench/OpenWorldTactile_v4_1_mounted_contact.py,/tmp/openworldtactile_uipc_v4_1_workspace,runtime_output_or_temporary_path,code_or_script,low,runtime_output,保留运行时生成逻辑；目标环境按需设置输出/临时目录,no,possible,属于输出或临时路径，不是重构后的静态输入缺失,当前保留为运行时输出或临时路径
PATH-0028,active-isaaclab-2.1,active-isaaclab-2.1/experiments/tactile-bench/OpenWorldTactile_v4_2_gripper_fxyz.py,/tmp/openworldtactile_uipc_v4_2_gripper_fxyz,runtime_output_or_temporary_path,code_or_script,low,runtime_output,保留运行时生成逻辑；目标环境按需设置输出/临时目录,no,possible,属于输出或临时路径，不是重构后的静态输入缺失,当前保留为运行时输出或临时路径
PATH-0029,active-isaaclab-2.1,active-isaaclab-2.1/experiments/tactile-bench/OpenWorldTactile_v4_2_gripper_fxyz.py,/tmp/openworldtactile_uipc_v4_2_workspace,runtime_output_or_temporary_path,code_or_script,low,runtime_output,保留运行时生成逻辑；目标环境按需设置输出/临时目录,no,possible,属于输出或临时路径，不是重构后的静态输入缺失,当前保留为运行时输出或临时路径
PATH-0030,active-isaaclab-2.1,active-isaaclab-2.1/experiments/tactile-bench/OpenWorldTactile_v4_3meta.py,/tmp/openworldtactile_uipc_v4_3meta,runtime_output_or_temporary_path,code_or_script,low,runtime_output,保留运行时生成逻辑；目标环境按需设置输出/临时目录,no,possible,属于输出或临时路径，不是重构后的静态输入缺失,当前保留为运行时输出或临时路径
PATH-0031,active-isaaclab-2.1,active-isaaclab-2.1/experiments/tactile-bench/OpenWorldTactile_v4_4_synthetic_force_rgb.py,/tmp/openworldtactile_uipc_v4_4_synthetic_force_rgb,runtime_output_or_temporary_path,code_or_script,low,runtime_output,保留运行时生成逻辑；目标环境按需设置输出/临时目录,no,possible,属于输出或临时路径，不是重构后的静态输入缺失,当前保留为运行时输出或临时路径
PATH-0032,active-isaaclab-2.1,active-isaaclab-2.1/experiments/tactile-bench/OpenWorldTactile_v4_5_object_geometry_texture_imprint.py,/tmp/openworldtactile_uipc_v4_5_object_geometry_texture_imprint,runtime_output_or_temporary_path,code_or_script,low,runtime_output,保留运行时生成逻辑；目标环境按需设置输出/临时目录,no,possible,属于输出或临时路径，不是重构后的静态输入缺失,当前保留为运行时输出或临时路径
PATH-0033,active-isaaclab-2.1,active-isaaclab-2.1/experiments/tactile-bench/OpenWorldTactile_v4_6_pressure_fxyz_texture.py,/tmp/openworldtactile_uipc_v4_6_pressure_fxyz_texture_minimal,runtime_output_or_temporary_path,code_or_script,low,runtime_output,保留运行时生成逻辑；目标环境按需设置输出/临时目录,no,possible,属于输出或临时路径，不是重构后的静态输入缺失,当前保留为运行时输出或临时路径
PATH-0034,active-isaaclab-2.1,active-isaaclab-2.1/experiments/tactile-bench/OpenWorldTactile_v4_7_single_contact.py,/tmp/openworldtactile_uipc_v4_7_single_contact_minimal,runtime_output_or_temporary_path,code_or_script,low,runtime_output,保留运行时生成逻辑；目标环境按需设置输出/临时目录,no,possible,属于输出或临时路径，不是重构后的静态输入缺失,当前保留为运行时输出或临时路径
PATH-0035,active-isaaclab-2.1,active-isaaclab-2.1/experiments/tactile-bench/OpenWorldTactile_v4_7_single_contact.py,/tmp/openworldtactile_uipc_v4_7_workspace,runtime_output_or_temporary_path,code_or_script,low,runtime_output,保留运行时生成逻辑；目标环境按需设置输出/临时目录,no,possible,属于输出或临时路径，不是重构后的静态输入缺失,当前保留为运行时输出或临时路径
PATH-0036,active-isaaclab-2.1,active-isaaclab-2.1/experiments/tactile-bench/OpenWorldTactile_v4_8_pad_visual_contact.py,/tmp/openworldtactile_uipc_v4_8_pad_asset_visual_contact,runtime_output_or_temporary_path,code_or_script,low,runtime_output,保留运行时生成逻辑；目标环境按需设置输出/临时目录,no,possible,属于输出或临时路径，不是重构后的静态输入缺失,当前保留为运行时输出或临时路径
PATH-0037,active-isaaclab-2.1,active-isaaclab-2.1/experiments/tactile-bench/OpenWorldTactile_v4_8_pad_visual_contact.py,/tmp/openworldtactile_uipc_v4_8_workspace,runtime_output_or_temporary_path,code_or_script,low,runtime_output,保留运行时生成逻辑；目标环境按需设置输出/临时目录,no,possible,属于输出或临时路径，不是重构后的静态输入缺失,当前保留为运行时输出或临时路径
PATH-0038,active-isaaclab-2.1,active-isaaclab-2.1/experiments/tactile-bench/OpenWorldTactile_v4_9_usd_contact_smoke.py,/tmp/openworldtactile_uipc_v4_9_openworldtactile_usd_visual_contact_smoke,runtime_output_or_temporary_path,code_or_script,low,runtime_output,保留运行时生成逻辑；目标环境按需设置输出/临时目录,no,possible,属于输出或临时路径，不是重构后的静态输入缺失,当前保留为运行时输出或临时路径
PATH-0039,active-isaaclab-2.1,active-isaaclab-2.1/experiments/tactile-bench/OpenWorldTactile_v4_9b_agilex_pad_mount_smoke.py,/tmp/openworldtactile_uipc_v4_9b_native_agilex_pad_mount_smoke,runtime_output_or_temporary_path,code_or_script,low,runtime_output,保留运行时生成逻辑；目标环境按需设置输出/临时目录,no,possible,属于输出或临时路径，不是重构后的静态输入缺失,当前保留为运行时输出或临时路径
PATH-0040,active-isaaclab-2.1,active-isaaclab-2.1/experiments/tactile-bench/OpenWorldTactile_v4_9c_agilex_pad_mount.py,/tmp/openworldtactile_uipc_v4_9c_native_agilex_pad_mount_only,runtime_output_or_temporary_path,code_or_script,low,runtime_output,保留运行时生成逻辑；目标环境按需设置输出/临时目录,no,possible,属于输出或临时路径，不是重构后的静态输入缺失,当前保留为运行时输出或临时路径
PATH-0041,active-isaaclab-2.1,active-isaaclab-2.1/experiments/tactile-bench/OpenWorldTactile_v4_mounted_contact.py,/tmp/openworldtactile_uipc_v4_mounted_contact,runtime_output_or_temporary_path,code_or_script,low,runtime_output,保留运行时生成逻辑；目标环境按需设置输出/临时目录,no,possible,属于输出或临时路径，不是重构后的静态输入缺失,当前保留为运行时输出或临时路径
PATH-0042,active-isaaclab-2.1,active-isaaclab-2.1/experiments/tactile-bench/OpenWorldTactile_v4_mounted_contact.py,/tmp/openworldtactile_newbench_uipc,runtime_output_or_temporary_path,code_or_script,low,runtime_output,保留运行时生成逻辑；目标环境按需设置输出/临时目录,no,possible,属于输出或临时路径，不是重构后的静态输入缺失,当前保留为运行时输出或临时路径
PATH-0043,active-isaaclab-2.1,active-isaaclab-2.1/experiments/tactile-bench/OpenWorldTactile_v5_1_mounted_grasp.py,/tmp/openworldtactile_uipc_v5_1_direct_uipc_mounted_grasp,runtime_output_or_temporary_path,code_or_script,low,runtime_output,保留运行时生成逻辑；目标环境按需设置输出/临时目录,no,possible,属于输出或临时路径，不是重构后的静态输入缺失,当前保留为运行时输出或临时路径
PATH-0044,active-isaaclab-2.1,active-isaaclab-2.1/experiments/tactile-bench/OpenWorldTactile_v5_1_mounted_grasp.py,/tmp/openworldtactile_uipc_v5_1_workspace,runtime_output_or_temporary_path,code_or_script,low,runtime_output,保留运行时生成逻辑；目标环境按需设置输出/临时目录,no,possible,属于输出或临时路径，不是重构后的静态输入缺失,当前保留为运行时输出或临时路径
PATH-0045,active-isaaclab-2.1,active-isaaclab-2.1/experiments/tactile-bench/OpenWorldTactile_v5_1_pad_follow_fxyz.py,/tmp/openworldtactile_uipc_v5_1_pad_only_follow_fxyz,runtime_output_or_temporary_path,code_or_script,low,runtime_output,保留运行时生成逻辑；目标环境按需设置输出/临时目录,no,possible,属于输出或临时路径，不是重构后的静态输入缺失,当前保留为运行时输出或临时路径
PATH-0046,active-isaaclab-2.1,active-isaaclab-2.1/experiments/tactile-bench/OpenWorldTactile_v5_1_pad_follow_fxyz.py,/tmp/openworldtactile_uipc_v5_1_pad_only_workspace,runtime_output_or_temporary_path,code_or_script,low,runtime_output,保留运行时生成逻辑；目标环境按需设置输出/临时目录,no,possible,属于输出或临时路径，不是重构后的静态输入缺失,当前保留为运行时输出或临时路径
PATH-0047,active-isaaclab-2.1,active-isaaclab-2.1/experiments/tactile-bench/OpenWorldTactile_v5_2_static_contact_smoke.py,/tmp/openworldtactile_uipc_v5_2_contact_smoke_static_tool,runtime_output_or_temporary_path,code_or_script,low,runtime_output,保留运行时生成逻辑；目标环境按需设置输出/临时目录,no,possible,属于输出或临时路径，不是重构后的静态输入缺失,当前保留为运行时输出或临时路径
PATH-0048,active-isaaclab-2.1,active-isaaclab-2.1/experiments/tactile-bench/OpenWorldTactile_v5_2_static_contact_smoke.py,/tmp/openworldtactile_uipc_v5_2_contact_smoke_workspace,runtime_output_or_temporary_path,code_or_script,low,runtime_output,保留运行时生成逻辑；目标环境按需设置输出/临时目录,no,possible,属于输出或临时路径，不是重构后的静态输入缺失,当前保留为运行时输出或临时路径
PATH-0049,active-isaaclab-2.1,active-isaaclab-2.1/experiments/tactile-bench/OpenWorldTactile_v5_3a_moving_pad_no_contact.py,/tmp/openworldtactile_uipc_v5_3a_moving_pad_no_contact,runtime_output_or_temporary_path,code_or_script,low,runtime_output,保留运行时生成逻辑；目标环境按需设置输出/临时目录,no,possible,属于输出或临时路径，不是重构后的静态输入缺失,当前保留为运行时输出或临时路径
PATH-0050,active-isaaclab-2.1,active-isaaclab-2.1/experiments/tactile-bench/OpenWorldTactile_v5_3a_moving_pad_no_contact.py,/tmp/openworldtactile_uipc_v5_3a_moving_pad_no_contact_workspace,runtime_output_or_temporary_path,code_or_script,low,runtime_output,保留运行时生成逻辑；目标环境按需设置输出/临时目录,no,possible,属于输出或临时路径，不是重构后的静态输入缺失,当前保留为运行时输出或临时路径
PATH-0051,active-isaaclab-2.1,active-isaaclab-2.1/experiments/tactile-bench/OpenWorldTactile_v5_mounted_contact.py,/tmp/openworldtactile_uipc_v5_0_hardcoded_nut_grasp_smoke,runtime_output_or_temporary_path,code_or_script,low,runtime_output,保留运行时生成逻辑；目标环境按需设置输出/临时目录,no,possible,属于输出或临时路径，不是重构后的静态输入缺失,当前保留为运行时输出或临时路径
PATH-0052,active-isaaclab-2.1,active-isaaclab-2.1/experiments/tactile-bench/OpenWorldTactile_v5_new_1_mount_check.py,/tmp/openworldtactile_uipc_v5_new_1_mount_verified,runtime_output_or_temporary_path,code_or_script,low,runtime_output,保留运行时生成逻辑；目标环境按需设置输出/临时目录,no,possible,属于输出或临时路径，不是重构后的静态输入缺失,当前保留为运行时输出或临时路径
PATH-0053,active-isaaclab-2.1,active-isaaclab-2.1/experiments/tactile-bench/OpenWorldTactile_v5_new_2_physx_grasp.py,/tmp/openworldtactile_uipc_v5_new_2_physx_grasp_verified,runtime_output_or_temporary_path,code_or_script,low,runtime_output,保留运行时生成逻辑；目标环境按需设置输出/临时目录,no,possible,属于输出或临时路径，不是重构后的静态输入缺失,当前保留为运行时输出或临时路径
PATH-0054,active-isaaclab-2.1,active-isaaclab-2.1/experiments/tactile-bench/OpenWorldTactile_v5_new_3_fz_grasp.py,/tmp/openworldtactile_uipc_v5_new_3_uipc_fz_grasp,runtime_output_or_temporary_path,code_or_script,low,runtime_output,保留运行时生成逻辑；目标环境按需设置输出/临时目录,no,possible,属于输出或临时路径，不是重构后的静态输入缺失,当前保留为运行时输出或临时路径
PATH-0055,active-isaaclab-2.1,active-isaaclab-2.1/experiments/tactile-bench/OpenWorldTactile_v5_new_3_fz_grasp.py,/tmp/openworldtactile_uipc_v5_new_3_workspace,runtime_output_or_temporary_path,code_or_script,low,runtime_output,保留运行时生成逻辑；目标环境按需设置输出/临时目录,no,possible,属于输出或临时路径，不是重构后的静态输入缺失,当前保留为运行时输出或临时路径
PATH-0056,active-isaaclab-2.1,active-isaaclab-2.1/experiments/tactile-bench/OpenWorldTactile_v5_new_3b_fz_baseline.py,/tmp/openworldtactile_uipc_v5_new_3b_uipc_fz_baseline_clean,runtime_output_or_temporary_path,code_or_script,low,runtime_output,保留运行时生成逻辑；目标环境按需设置输出/临时目录,no,possible,属于输出或临时路径，不是重构后的静态输入缺失,当前保留为运行时输出或临时路径
PATH-0057,active-isaaclab-2.1,active-isaaclab-2.1/experiments/tactile-bench/OpenWorldTactile_v5_new_3b_fz_baseline.py,/tmp/openworldtactile_uipc_v5_new_3b_workspace,runtime_output_or_temporary_path,code_or_script,low,runtime_output,保留运行时生成逻辑；目标环境按需设置输出/临时目录,no,possible,属于输出或临时路径，不是重构后的静态输入缺失,当前保留为运行时输出或临时路径
PATH-0058,active-isaaclab-2.1,active-isaaclab-2.1/experiments/tactile-bench/OpenWorldTactile_v5_new_3c_contact_gap_debug.py,/tmp/openworldtactile_uipc_v5_new_3c_contact_gap_debug,runtime_output_or_temporary_path,code_or_script,low,runtime_output,保留运行时生成逻辑；目标环境按需设置输出/临时目录,no,possible,属于输出或临时路径，不是重构后的静态输入缺失,当前保留为运行时输出或临时路径
PATH-0059,active-isaaclab-2.1,active-isaaclab-2.1/experiments/tactile-bench/OpenWorldTactile_v5_new_3c_contact_gap_debug.py,/tmp/openworldtactile_uipc_v5_new_3c_workspace,runtime_output_or_temporary_path,code_or_script,low,runtime_output,保留运行时生成逻辑；目标环境按需设置输出/临时目录,no,possible,属于输出或临时路径，不是重构后的静态输入缺失,当前保留为运行时输出或临时路径
PATH-0060,active-isaaclab-2.1,active-isaaclab-2.1/experiments/tactile-bench/OpenWorldTactile_v5_new_3d_pad_alignment.py,/tmp/openworldtactile_uipc_v5_new_3d_pad_center_align,runtime_output_or_temporary_path,code_or_script,low,runtime_output,保留运行时生成逻辑；目标环境按需设置输出/临时目录,no,possible,属于输出或临时路径，不是重构后的静态输入缺失,当前保留为运行时输出或临时路径
PATH-0061,active-isaaclab-2.1,active-isaaclab-2.1/experiments/tactile-bench/OpenWorldTactile_v5_new_3d_pad_alignment.py,/tmp/openworldtactile_uipc_v5_new_3d_workspace,runtime_output_or_temporary_path,code_or_script,low,runtime_output,保留运行时生成逻辑；目标环境按需设置输出/临时目录,no,possible,属于输出或临时路径，不是重构后的静态输入缺失,当前保留为运行时输出或临时路径
PATH-0062,active-isaaclab-2.1,active-isaaclab-2.1/experiments/tactile-bench/OpenWorldTactile_v5_new_3e_pad_center_freeze.py,/tmp/openworldtactile_uipc_v5_new_3e_visual_clean_pad_center_freeze,runtime_output_or_temporary_path,code_or_script,low,runtime_output,保留运行时生成逻辑；目标环境按需设置输出/临时目录,no,possible,属于输出或临时路径，不是重构后的静态输入缺失,当前保留为运行时输出或临时路径
PATH-0063,active-isaaclab-2.1,active-isaaclab-2.1/experiments/tactile-bench/OpenWorldTactile_v5_new_3e_pad_center_freeze.py,/tmp/openworldtactile_uipc_v5_new_3e_workspace,runtime_output_or_temporary_path,code_or_script,low,runtime_output,保留运行时生成逻辑；目标环境按需设置输出/临时目录,no,possible,属于输出或临时路径，不是重构后的静态输入缺失,当前保留为运行时输出或临时路径
PATH-0064,active-isaaclab-2.1,active-isaaclab-2.1/experiments/tactile-bench/OpenWorldTactile_v5_new_3f_visual_membrane.py,/tmp/openworldtactile_uipc_v5_new_3f_single_visual_membrane,runtime_output_or_temporary_path,code_or_script,low,runtime_output,保留运行时生成逻辑；目标环境按需设置输出/临时目录,no,possible,属于输出或临时路径，不是重构后的静态输入缺失,当前保留为运行时输出或临时路径
PATH-0065,active-isaaclab-2.1,active-isaaclab-2.1/experiments/tactile-bench/OpenWorldTactile_v5_new_3f_visual_membrane.py,/tmp/openworldtactile_uipc_v5_new_3f_workspace,runtime_output_or_temporary_path,code_or_script,low,runtime_output,保留运行时生成逻辑；目标环境按需设置输出/临时目录,no,possible,属于输出或临时路径，不是重构后的静态输入缺失,当前保留为运行时输出或临时路径
PATH-0066,active-isaaclab-2.1,active-isaaclab-2.1/experiments/tactile-bench/OpenWorldTactile_v5_new_3g_back_visual_membrane.py,/tmp/openworldtactile_uipc_v5_new_3g_keep_back_visual_membrane,runtime_output_or_temporary_path,code_or_script,low,runtime_output,保留运行时生成逻辑；目标环境按需设置输出/临时目录,no,possible,属于输出或临时路径，不是重构后的静态输入缺失,当前保留为运行时输出或临时路径
PATH-0067,active-isaaclab-2.1,active-isaaclab-2.1/experiments/tactile-bench/OpenWorldTactile_v5_new_3g_back_visual_membrane.py,/tmp/openworldtactile_uipc_v5_new_3g_workspace,runtime_output_or_temporary_path,code_or_script,low,runtime_output,保留运行时生成逻辑；目标环境按需设置输出/临时目录,no,possible,属于输出或临时路径，不是重构后的静态输入缺失,当前保留为运行时输出或临时路径
PATH-0068,active-isaaclab-2.1,active-isaaclab-2.1/experiments/tactile-bench/OpenWorldTactile_v5_new_3h_close.py,/tmp/openworldtactile_uipc_v5_new_3h_swap_visual_membrane_layers,runtime_output_or_temporary_path,code_or_script,low,runtime_output,保留运行时生成逻辑；目标环境按需设置输出/临时目录,no,possible,属于输出或临时路径，不是重构后的静态输入缺失,当前保留为运行时输出或临时路径
PATH-0069,active-isaaclab-2.1,active-isaaclab-2.1/experiments/tactile-bench/OpenWorldTactile_v5_new_3h_close.py,/tmp/openworldtactile_uipc_v5_new_3h_workspace,runtime_output_or_temporary_path,code_or_script,low,runtime_output,保留运行时生成逻辑；目标环境按需设置输出/临时目录,no,possible,属于输出或临时路径，不是重构后的静态输入缺失,当前保留为运行时输出或临时路径
PATH-0070,active-isaaclab-2.1,active-isaaclab-2.1/experiments/tactile-bench/OpenWorldTactile_v5_new_3h_lift_check.py,/tmp/openworldtactile_uipc_v5_new_3h_swap_visual_membrane_layers,runtime_output_or_temporary_path,code_or_script,low,runtime_output,保留运行时生成逻辑；目标环境按需设置输出/临时目录,no,possible,属于输出或临时路径，不是重构后的静态输入缺失,当前保留为运行时输出或临时路径
PATH-0071,active-isaaclab-2.1,active-isaaclab-2.1/experiments/tactile-bench/OpenWorldTactile_v5_new_3h_lift_check.py,/tmp/openworldtactile_uipc_v5_new_3h_workspace,runtime_output_or_temporary_path,code_or_script,low,runtime_output,保留运行时生成逻辑；目标环境按需设置输出/临时目录,no,possible,属于输出或临时路径，不是重构后的静态输入缺失,当前保留为运行时输出或临时路径
PATH-0072,active-isaaclab-2.1,active-isaaclab-2.1/experiments/tactile-bench/OpenWorldTactile_v5_new_3h_swap_membrane_layers.py,/tmp/openworldtactile_uipc_v5_new_3h_swap_visual_membrane_layers,runtime_output_or_temporary_path,code_or_script,low,runtime_output,保留运行时生成逻辑；目标环境按需设置输出/临时目录,no,possible,属于输出或临时路径，不是重构后的静态输入缺失,当前保留为运行时输出或临时路径
PATH-0073,active-isaaclab-2.1,active-isaaclab-2.1/experiments/tactile-bench/OpenWorldTactile_v5_new_3h_swap_membrane_layers.py,/tmp/openworldtactile_uipc_v5_new_3h_workspace,runtime_output_or_temporary_path,code_or_script,low,runtime_output,保留运行时生成逻辑；目标环境按需设置输出/临时目录,no,possible,属于输出或临时路径，不是重构后的静态输入缺失,当前保留为运行时输出或临时路径
PATH-0074,active-isaaclab-2.1,active-isaaclab-2.1/experiments/tactile-bench/OpenWorldTactile_v5_new_3h_uv_idw.py,/tmp/openworldtactile_uipc_v5_new_3h_swap_visual_membrane_layers,runtime_output_or_temporary_path,code_or_script,low,runtime_output,保留运行时生成逻辑；目标环境按需设置输出/临时目录,no,possible,属于输出或临时路径，不是重构后的静态输入缺失,当前保留为运行时输出或临时路径
PATH-0075,active-isaaclab-2.1,active-isaaclab-2.1/experiments/tactile-bench/OpenWorldTactile_v5_new_3h_uv_idw.py,/tmp/openworldtactile_uipc_v5_new_3h_workspace,runtime_output_or_temporary_path,code_or_script,low,runtime_output,保留运行时生成逻辑；目标环境按需设置输出/临时目录,no,possible,属于输出或临时路径，不是重构后的静态输入缺失,当前保留为运行时输出或临时路径
PATH-0076,active-isaaclab-2.1,active-isaaclab-2.1/experiments/tactile-bench/OpenWorldTactile_v5_new_4_1_force_projection_calibration.py,/tmp/openworldtactile_uipc_v5_new_4_1_native_force_projection_calibration,runtime_output_or_temporary_path,code_or_script,low,runtime_output,保留运行时生成逻辑；目标环境按需设置输出/临时目录,no,possible,属于输出或临时路径，不是重构后的静态输入缺失,当前保留为运行时输出或临时路径
PATH-0077,active-isaaclab-2.1,active-isaaclab-2.1/experiments/tactile-bench/OpenWorldTactile_v5_new_4_1_force_projection_calibration.py,/tmp/openworldtactile_uipc_v5_new_4_1_workspace,runtime_output_or_temporary_path,code_or_script,low,runtime_output,保留运行时生成逻辑；目标环境按需设置输出/临时目录,no,possible,属于输出或临时路径，不是重构后的静态输入缺失,当前保留为运行时输出或临时路径
PATH-0078,active-isaaclab-2.1,active-isaaclab-2.1/experiments/tactile-bench/OpenWorldTactile_v5_new_4_2_projection_sign_calibration.py,/tmp/openworldtactile_uipc_v5_new_4_2_native_projection_sign_correlation_calibration_check,runtime_output_or_temporary_path,code_or_script,low,runtime_output,保留运行时生成逻辑；目标环境按需设置输出/临时目录,no,possible,属于输出或临时路径，不是重构后的静态输入缺失,当前保留为运行时输出或临时路径
PATH-0079,active-isaaclab-2.1,active-isaaclab-2.1/experiments/tactile-bench/OpenWorldTactile_v5_new_4_2_projection_sign_calibration.py,/tmp/openworldtactile_uipc_v5_new_4_2_workspace,runtime_output_or_temporary_path,code_or_script,low,runtime_output,保留运行时生成逻辑；目标环境按需设置输出/临时目录,no,possible,属于输出或临时路径，不是重构后的静态输入缺失,当前保留为运行时输出或临时路径
PATH-0080,active-isaaclab-2.1,active-isaaclab-2.1/experiments/tactile-bench/OpenWorldTactile_v5_new_4_3_contact_patch_localization.py,/tmp/openworldtactile_uipc_v5_new_4_2_native_projection_sign_correlation_calibration_check,runtime_output_or_temporary_path,code_or_script,low,runtime_output,保留运行时生成逻辑；目标环境按需设置输出/临时目录,no,possible,属于输出或临时路径，不是重构后的静态输入缺失,当前保留为运行时输出或临时路径
PATH-0081,active-isaaclab-2.1,active-isaaclab-2.1/experiments/tactile-bench/OpenWorldTactile_v5_new_4_3_contact_patch_localization.py,/tmp/openworldtactile_uipc_v5_new_4_3_native_contact_patch_localization,runtime_output_or_temporary_path,code_or_script,low,runtime_output,保留运行时生成逻辑；目标环境按需设置输出/临时目录,no,possible,属于输出或临时路径，不是重构后的静态输入缺失,当前保留为运行时输出或临时路径
PATH-0082,active-isaaclab-2.1,active-isaaclab-2.1/experiments/tactile-bench/OpenWorldTactile_v5_new_4_4_gradient_geometry_audit.py,/tmp/openworldtactile_uipc_v5_new_4_4_native_gradient_source_geometry_audit,runtime_output_or_temporary_path,code_or_script,low,runtime_output,保留运行时生成逻辑；目标环境按需设置输出/临时目录,no,possible,属于输出或临时路径，不是重构后的静态输入缺失,当前保留为运行时输出或临时路径
PATH-0083,active-isaaclab-2.1,active-isaaclab-2.1/experiments/tactile-bench/OpenWorldTactile_v5_new_4_4_gradient_geometry_audit.py,/tmp/openworldtactile_uipc_v5_new_4_4_native_gradient_source_geometry_audit,runtime_output_or_temporary_path,code_or_script,low,runtime_output,保留运行时生成逻辑；目标环境按需设置输出/临时目录,no,possible,属于输出或临时路径，不是重构后的静态输入缺失,当前保留为运行时输出或临时路径
PATH-0084,active-isaaclab-2.1,active-isaaclab-2.1/experiments/tactile-bench/OpenWorldTactile_v5_new_4_4_gradient_geometry_audit.py,/tmp/openworldtactile_uipc_v5_new_4_4_workspace,runtime_output_or_temporary_path,code_or_script,low,runtime_output,保留运行时生成逻辑；目标环境按需设置输出/临时目录,no,possible,属于输出或临时路径，不是重构后的静态输入缺失,当前保留为运行时输出或临时路径
PATH-0085,active-isaaclab-2.1,active-isaaclab-2.1/experiments/tactile-bench/OpenWorldTactile_v5_new_4_5_front_face_filter.py,/tmp/openworldtactile_uipc_v5_new_4_4_native_gradient_source_geometry_audit,runtime_output_or_temporary_path,code_or_script,low,runtime_output,保留运行时生成逻辑；目标环境按需设置输出/临时目录,no,possible,属于输出或临时路径，不是重构后的静态输入缺失,当前保留为运行时输出或临时路径
PATH-0086,active-isaaclab-2.1,active-isaaclab-2.1/experiments/tactile-bench/OpenWorldTactile_v5_new_4_5_front_face_filter.py,/tmp/openworldtactile_uipc_v5_new_4_5_native_front_face_source_filter,runtime_output_or_temporary_path,code_or_script,low,runtime_output,保留运行时生成逻辑；目标环境按需设置输出/临时目录,no,possible,属于输出或临时路径，不是重构后的静态输入缺失,当前保留为运行时输出或临时路径
PATH-0087,active-isaaclab-2.1,active-isaaclab-2.1/experiments/tactile-bench/OpenWorldTactile_v5_new_4_force_probe.py,/tmp/openworldtactile_uipc_v5_new_4_native_uipc_force_probe,runtime_output_or_temporary_path,code_or_script,low,runtime_output,保留运行时生成逻辑；目标环境按需设置输出/临时目录,no,possible,属于输出或临时路径，不是重构后的静态输入缺失,当前保留为运行时输出或临时路径
PATH-0088,active-isaaclab-2.1,active-isaaclab-2.1/experiments/tactile-bench/OpenWorldTactile_v5_new_4_force_probe.py,/tmp/openworldtactile_uipc_v5_new_4_workspace,runtime_output_or_temporary_path,code_or_script,low,runtime_output,保留运行时生成逻辑；目标环境按需设置输出/临时目录,no,possible,属于输出或临时路径，不是重构后的静态输入缺失,当前保留为运行时输出或临时路径
PATH-0089,active-isaaclab-2.1,active-isaaclab-2.1/experiments/tactile-bench/OpenWorldTactile_v5_new_5_membrane_inspector.py,/tmp/openworldtactile_uipc_v5_new_5_minimal_visual_membrane_inspector,runtime_output_or_temporary_path,code_or_script,low,runtime_output,保留运行时生成逻辑；目标环境按需设置输出/临时目录,no,possible,属于输出或临时路径，不是重构后的静态输入缺失,当前保留为运行时输出或临时路径
PATH-0090,active-isaaclab-2.1,active-isaaclab-2.1/experiments/tactile-bench/OpenWorldTactile_v5_new_5_proxy_output.py,/tmp/openworldtactile_uipc_v5_new_5_official_proxy_tactile_output,runtime_output_or_temporary_path,code_or_script,low,runtime_output,保留运行时生成逻辑；目标环境按需设置输出/临时目录,no,possible,属于输出或临时路径，不是重构后的静态输入缺失,当前保留为运行时输出或临时路径
PATH-0091,active-isaaclab-2.1,active-isaaclab-2.1/experiments/tactile-bench/OpenWorldTactile_v5_new_5_proxy_output.py,/tmp/openworldtactile_uipc_v5_new_5_workspace,runtime_output_or_temporary_path,code_or_script,low,runtime_output,保留运行时生成逻辑；目标环境按需设置输出/临时目录,no,possible,属于输出或临时路径，不是重构后的静态输入缺失,当前保留为运行时输出或临时路径
PATH-0092,active-isaaclab-2.1,active-isaaclab-2.1/experiments/tactile-bench/OpenWorldTactile_v5_new_5c_pressure_field_reconstruction.py,/tmp/openworldtactile_uipc_v5_new_5c_pressure_field_reconstruction,runtime_output_or_temporary_path,code_or_script,low,runtime_output,保留运行时生成逻辑；目标环境按需设置输出/临时目录,no,possible,属于输出或临时路径，不是重构后的静态输入缺失,当前保留为运行时输出或临时路径
PATH-0093,active-isaaclab-2.1,active-isaaclab-2.1/experiments/tactile-bench/OpenWorldTactile_v5_new_5c_pressure_field_reconstruction.py,/tmp/openworldtactile_uipc_v5_new_5c_workspace,runtime_output_or_temporary_path,code_or_script,low,runtime_output,保留运行时生成逻辑；目标环境按需设置输出/临时目录,no,possible,属于输出或临时路径，不是重构后的静态输入缺失,当前保留为运行时输出或临时路径
PATH-0094,active-isaaclab-2.1,active-isaaclab-2.1/experiments/tactile-bench/OpenWorldTactile_v5_new_5e_tangential_shear_proxy.py,/tmp/openworldtactile_uipc_v5_new_5e_tangential_shear_proxy,runtime_output_or_temporary_path,code_or_script,low,runtime_output,保留运行时生成逻辑；目标环境按需设置输出/临时目录,no,possible,属于输出或临时路径，不是重构后的静态输入缺失,当前保留为运行时输出或临时路径
PATH-0095,active-isaaclab-2.1,active-isaaclab-2.1/experiments/tactile-bench/OpenWorldTactile_v5_new_5e_tangential_shear_proxy.py,/tmp/openworldtactile_uipc_v5_new_5e_workspace,runtime_output_or_temporary_path,code_or_script,low,runtime_output,保留运行时生成逻辑；目标环境按需设置输出/临时目录,no,possible,属于输出或临时路径，不是重构后的静态输入缺失,当前保留为运行时输出或临时路径
PATH-0096,active-isaaclab-2.1,active-isaaclab-2.1/experiments/tactile-bench/OpenWorldTactile_v5_new_6_constitutive_deformation.py,/tmp/openworldtactile_uipc_v5_new_6_constitutive_deformation_tactile,runtime_output_or_temporary_path,code_or_script,low,runtime_output,保留运行时生成逻辑；目标环境按需设置输出/临时目录,no,possible,属于输出或临时路径，不是重构后的静态输入缺失,当前保留为运行时输出或临时路径
PATH-0097,active-isaaclab-2.1,active-isaaclab-2.1/experiments/tactile-bench/OpenWorldTactile_v5_new_6_constitutive_deformation.py,/tmp/openworldtactile_uipc_v5_new_6_workspace,runtime_output_or_temporary_path,code_or_script,low,runtime_output,保留运行时生成逻辑；目标环境按需设置输出/临时目录,no,possible,属于输出或临时路径，不是重构后的静态输入缺失,当前保留为运行时输出或临时路径
PATH-0098,active-isaaclab-2.1,active-isaaclab-2.1/experiments/tactile-bench/OpenWorldTactile_v5_new_7a_membrane_deformation_probe.py,/tmp/openworldtactile_uipc_v5_new_7a_membrane_deformation_probe,runtime_output_or_temporary_path,code_or_script,low,runtime_output,保留运行时生成逻辑；目标环境按需设置输出/临时目录,no,possible,属于输出或临时路径，不是重构后的静态输入缺失,当前保留为运行时输出或临时路径
PATH-0099,active-isaaclab-2.1,active-isaaclab-2.1/experiments/tactile-bench/OpenWorldTactile_v5_new_7a_membrane_deformation_probe.py,/tmp/openworldtactile_uipc_v5_new_7a_workspace,runtime_output_or_temporary_path,code_or_script,low,runtime_output,保留运行时生成逻辑；目标环境按需设置输出/临时目录,no,possible,属于输出或临时路径，不是重构后的静态输入缺失,当前保留为运行时输出或临时路径
PATH-0100,active-isaaclab-2.1,active-isaaclab-2.1/experiments/tactile-bench/OpenWorldTactile_v5_new_7b_membrane_contact_probe.py,/tmp/openworldtactile_uipc_v5_new_7b_membrane_contact_probe,runtime_output_or_temporary_path,code_or_script,low,runtime_output,保留运行时生成逻辑；目标环境按需设置输出/临时目录,no,possible,属于输出或临时路径，不是重构后的静态输入缺失,当前保留为运行时输出或临时路径
PATH-0101,active-isaaclab-2.1,active-isaaclab-2.1/experiments/tactile-bench/OpenWorldTactile_v5_new_7b_membrane_contact_probe.py,/tmp/openworldtactile_uipc_v5_new_7b_workspace,runtime_output_or_temporary_path,code_or_script,low,runtime_output,保留运行时生成逻辑；目标环境按需设置输出/临时目录,no,possible,属于输出或临时路径，不是重构后的静态输入缺失,当前保留为运行时输出或临时路径
PATH-0102,active-isaaclab-2.1,active-isaaclab-2.1/experiments/tactile-bench/OpenWorldTactile_v5_new_7c_attachment_follow_validation.py,/tmp/openworldtactile_uipc_v5_new_7c_attachment_follow_validation,runtime_output_or_temporary_path,code_or_script,low,runtime_output,保留运行时生成逻辑；目标环境按需设置输出/临时目录,no,possible,属于输出或临时路径，不是重构后的静态输入缺失,当前保留为运行时输出或临时路径
PATH-0103,active-isaaclab-2.1,active-isaaclab-2.1/experiments/tactile-bench/OpenWorldTactile_v5_new_7c_attachment_follow_validation.py,/tmp/openworldtactile_uipc_v5_new_7c_workspace,runtime_output_or_temporary_path,code_or_script,low,runtime_output,保留运行时生成逻辑；目标环境按需设置输出/临时目录,no,possible,属于输出或临时路径，不是重构后的静态输入缺失,当前保留为运行时输出或临时路径
PATH-0104,active-isaaclab-2.1,active-isaaclab-2.1/experiments/tactile-bench/OpenWorldTactile_v5_new_7c_pad_follow_probe.py,/tmp/openworldtactile_uipc_v5_new_7c_pad_uipc_follow_probe,runtime_output_or_temporary_path,code_or_script,low,runtime_output,保留运行时生成逻辑；目标环境按需设置输出/临时目录,no,possible,属于输出或临时路径，不是重构后的静态输入缺失,当前保留为运行时输出或临时路径
PATH-0105,active-isaaclab-2.1,active-isaaclab-2.1/experiments/tactile-bench/OpenWorldTactile_v5_new_7c_pad_follow_probe.py,/tmp/openworldtactile_uipc_v5_new_7c_pad_uipc_follow_workspace,runtime_output_or_temporary_path,code_or_script,low,runtime_output,保留运行时生成逻辑；目标环境按需设置输出/临时目录,no,possible,属于输出或临时路径，不是重构后的静态输入缺失,当前保留为运行时输出或临时路径
PATH-0106,active-isaaclab-2.1,active-isaaclab-2.1/experiments/tactile-bench/OpenWorldTactile_v5_new_7d_backface_follow.py,/tmp/openworldtactile_uipc_v5_new_7d_backface_attachment_follow,runtime_output_or_temporary_path,code_or_script,low,runtime_output,保留运行时生成逻辑；目标环境按需设置输出/临时目录,no,possible,属于输出或临时路径，不是重构后的静态输入缺失,当前保留为运行时输出或临时路径
PATH-0107,active-isaaclab-2.1,active-isaaclab-2.1/experiments/tactile-bench/OpenWorldTactile_v5_new_7d_backface_follow.py,/tmp/openworldtactile_uipc_v5_new_7d_backface_attachment_workspace,runtime_output_or_temporary_path,code_or_script,low,runtime_output,保留运行时生成逻辑；目标环境按需设置输出/临时目录,no,possible,属于输出或临时路径，不是重构后的静态输入缺失,当前保留为运行时输出或临时路径
PATH-0108,active-isaaclab-2.1,active-isaaclab-2.1/experiments/tactile-bench/OpenWorldTactile_v5_new_7e_indenter_deformation.py,/tmp/openworldtactile_uipc_v5_new_7e_static_contact,runtime_output_or_temporary_path,code_or_script,low,runtime_output,保留运行时生成逻辑；目标环境按需设置输出/临时目录,no,possible,属于输出或临时路径，不是重构后的静态输入缺失,当前保留为运行时输出或临时路径
PATH-0109,active-isaaclab-2.1,active-isaaclab-2.1/experiments/tactile-bench/OpenWorldTactile_v5_new_7e_indenter_deformation.py,/tmp/openworldtactile_uipc_v5_new_7e_static_contact_workspace,runtime_output_or_temporary_path,code_or_script,low,runtime_output,保留运行时生成逻辑；目标环境按需设置输出/临时目录,no,possible,属于输出或临时路径，不是重构后的静态输入缺失,当前保留为运行时输出或临时路径
PATH-0110,active-isaaclab-2.1,active-isaaclab-2.1/experiments/tactile-bench/OpenWorldTactile_v5_new_7f_deformation_field_probe.py,/tmp/openworldtactile_uipc_v5_new_7e_check,runtime_output_or_temporary_path,code_or_script,low,runtime_output,保留运行时生成逻辑；目标环境按需设置输出/临时目录,no,possible,属于输出或临时路径，不是重构后的静态输入缺失,当前保留为运行时输出或临时路径
PATH-0111,active-isaaclab-2.1,active-isaaclab-2.1/experiments/tactile-bench/OpenWorldTactile_v5_new_7g_lateral_shear_deformation_probe.py,/tmp/openworldtactile_uipc_v5_new_7g_shear_lateral,runtime_output_or_temporary_path,code_or_script,low,runtime_output,保留运行时生成逻辑；目标环境按需设置输出/临时目录,no,possible,属于输出或临时路径，不是重构后的静态输入缺失,当前保留为运行时输出或临时路径
PATH-0112,active-isaaclab-2.1,active-isaaclab-2.1/experiments/tactile-bench/OpenWorldTactile_v5_new_7g_lateral_shear_deformation_probe.py,/tmp/openworldtactile_uipc_v5_new_7g_shear_lateral_workspace,runtime_output_or_temporary_path,code_or_script,low,runtime_output,保留运行时生成逻辑；目标环境按需设置输出/临时目录,no,possible,属于输出或临时路径，不是重构后的静态输入缺失,当前保留为运行时输出或临时路径
PATH-0113,active-isaaclab-2.1,active-isaaclab-2.1/experiments/tactile-bench/OpenWorldTactile_v5_new_7g_local_3d_force_render.py,/tmp/openworldtactile_uipc_v5_new_7g_membrane_local_3d_force_diagnostic,runtime_output_or_temporary_path,code_or_script,low,runtime_output,保留运行时生成逻辑；目标环境按需设置输出/临时目录,no,possible,属于输出或临时路径，不是重构后的静态输入缺失,当前保留为运行时输出或临时路径
PATH-0114,active-isaaclab-2.1,active-isaaclab-2.1/experiments/tactile-bench/OpenWorldTactile_v5_new_7g_local_visualization_probe.py,/tmp/openworldtactile_uipc_v5_new_7g_membrane_visualization,runtime_output_or_temporary_path,code_or_script,low,runtime_output,保留运行时生成逻辑；目标环境按需设置输出/临时目录,no,possible,属于输出或临时路径，不是重构后的静态输入缺失,当前保留为运行时输出或临时路径
PATH-0115,active-isaaclab-2.1,active-isaaclab-2.1/experiments/tactile-bench/OpenWorldTactile_v5_new_7g_local_visualization_probe.py,/tmp/openworldtactile_uipc_v5_new_7g_membrane_visualization_workspace,runtime_output_or_temporary_path,code_or_script,low,runtime_output,保留运行时生成逻辑；目标环境按需设置输出/临时目录,no,possible,属于输出或临时路径，不是重构后的静态输入缺失,当前保留为运行时输出或临时路径
PATH-0116,active-isaaclab-2.1,active-isaaclab-2.1/experiments/tactile-bench/OpenWorldTactile_v5_new_8_grasp_integration.py,/tmp/openworldtactile_uipc_v5_new_7f_contract_verified,runtime_output_or_temporary_path,code_or_script,low,runtime_output,保留运行时生成逻辑；目标环境按需设置输出/临时目录,no,possible,属于输出或临时路径，不是重构后的静态输入缺失,当前保留为运行时输出或临时路径
PATH-0117,active-isaaclab-2.1,active-isaaclab-2.1/experiments/tactile-bench/OpenWorldTactile_v5_new_8_grasp_integration.py,/tmp/openworldtactile_uipc_v5_new_8_grasp_tactile_integration,runtime_output_or_temporary_path,code_or_script,low,runtime_output,保留运行时生成逻辑；目标环境按需设置输出/临时目录,no,possible,属于输出或临时路径，不是重构后的静态输入缺失,当前保留为运行时输出或临时路径
PATH-0118,active-isaaclab-2.1,active-isaaclab-2.1/experiments/tactile-bench/OpenWorldTactile_v5_new_8_grasp_integration.py,/tmp/openworldtactile_uipc_v5_new_8_grasp_tactile_workspace,runtime_output_or_temporary_path,code_or_script,low,runtime_output,保留运行时生成逻辑；目标环境按需设置输出/临时目录,no,possible,属于输出或临时路径，不是重构后的静态输入缺失,当前保留为运行时输出或临时路径
PATH-0119,active-isaaclab-2.1,active-isaaclab-2.1/experiments/tactile-bench/OpenWorldTactile_v5_new_9_tu_tactile_field_rendering.py,/tmp/openworldtactile_uipc_v5_new_7f_contract_verified,runtime_output_or_temporary_path,code_or_script,low,runtime_output,保留运行时生成逻辑；目标环境按需设置输出/临时目录,no,possible,属于输出或临时路径，不是重构后的静态输入缺失,当前保留为运行时输出或临时路径
PATH-0120,active-isaaclab-2.1,active-isaaclab-2.1/experiments/tactile-bench/OpenWorldTactile_v5_new_9_tu_tactile_field_rendering.py,/tmp/openworldtactile_uipc_v5_new_9_tu_tactile_field_rendering,runtime_output_or_temporary_path,code_or_script,low,runtime_output,保留运行时生成逻辑；目标环境按需设置输出/临时目录,no,possible,属于输出或临时路径，不是重构后的静态输入缺失,当前保留为运行时输出或临时路径
PATH-0121,active-isaaclab-2.1,active-isaaclab-2.1/experiments/tactile-bench/OpenWorldTactile_v5_new_9_tu_tactile_field_rendering.py,/tmp/openworldtactile_uipc_v5_new_9_tu_tactile_workspace,runtime_output_or_temporary_path,code_or_script,low,runtime_output,保留运行时生成逻辑；目标环境按需设置输出/临时目录,no,possible,属于输出或临时路径，不是重构后的静态输入缺失,当前保留为运行时输出或临时路径
PATH-0122,active-isaaclab-2.1,active-isaaclab-2.1/experiments/tactile-bench/OpenWorldTactile_v5_new_link7_link8_mount_probe.py,/tmp/openworldtactile_uipc_link7_to_link8_mount_transfer_probe,runtime_output_or_temporary_path,code_or_script,low,runtime_output,保留运行时生成逻辑；目标环境按需设置输出/临时目录,no,possible,属于输出或临时路径，不是重构后的静态输入缺失,当前保留为运行时输出或临时路径
PATH-0123,active-isaaclab-2.1,active-isaaclab-2.1/experiments/tactile-bench/OpenWorldTactile_v5_new_link7_link8_mount_probe.py,/tmp/openworldtactile_uipc_v5_new_3g_link8_mount,runtime_output_or_temporary_path,code_or_script,low,runtime_output,保留运行时生成逻辑；目标环境按需设置输出/临时目录,no,possible,属于输出或临时路径，不是重构后的静态输入缺失,当前保留为运行时输出或临时路径
PATH-0124,active-isaaclab-2.1,active-isaaclab-2.1/experiments/tactile-bench/OpenWorldTactile_v5_new_link7_link8_mount_probe.py,/tmp/openworldtactile_uipc_v5_new_3g_link8_mount_workspace,runtime_output_or_temporary_path,code_or_script,low,runtime_output,保留运行时生成逻辑；目标环境按需设置输出/临时目录,no,possible,属于输出或临时路径，不是重构后的静态输入缺失,当前保留为运行时输出或临时路径
PATH-0125,active-isaaclab-2.1,active-isaaclab-2.1/experiments/tactile-bench/README.md,/tmp/openworldtactile_newbench_validation,runtime_output_or_temporary_path,documentation,low,runtime_output,保留运行时生成逻辑；目标环境按需设置输出/临时目录,no,possible,属于输出或临时路径，不是重构后的静态输入缺失,当前保留为运行时输出或临时路径
PATH-0126,active-isaaclab-2.1,active-isaaclab-2.1/experiments/tactile-bench/README.md,/tmp/openworldtactile_uipc_v2_2_validation,runtime_output_or_temporary_path,documentation,low,runtime_output,保留运行时生成逻辑；目标环境按需设置输出/临时目录,no,possible,属于输出或临时路径，不是重构后的静态输入缺失,当前保留为运行时输出或临时路径
PATH-0127,active-isaaclab-2.1,active-isaaclab-2.1/experiments/tactile-bench/README.md,/tmp/openworldtactile_uipc_v2_regression,runtime_output_or_temporary_path,documentation,low,runtime_output,保留运行时生成逻辑；目标环境按需设置输出/临时目录,no,possible,属于输出或临时路径，不是重构后的静态输入缺失,当前保留为运行时输出或临时路径
PATH-0128,active-isaaclab-2.1,active-isaaclab-2.1/experiments/tactile-bench/README.md,/tmp/openworldtactile_uipc_v5_insert_debug/,runtime_output_or_temporary_path,documentation,low,runtime_output,保留运行时生成逻辑；目标环境按需设置输出/临时目录,no,possible,属于输出或临时路径，不是重构后的静态输入缺失,当前保留为运行时输出或临时路径
PATH-0129,active-isaaclab-2.1,active-isaaclab-2.1/experiments/tactile-bench/run_v4_8_dataset_sweep.py,/tmp/openworldtactile_dataset_v4_8,runtime_output_or_temporary_path,code_or_script,low,runtime_output,保留运行时生成逻辑；目标环境按需设置输出/临时目录,no,possible,属于输出或临时路径，不是重构后的静态输入缺失,当前保留为运行时输出或临时路径
PATH-0130,active-isaaclab-2.1,active-isaaclab-2.1/experiments/tactile-bench/tu_tactile_field.py,/tmp/openworldtactile_uipc_v5_new_8_grasp_tactile_integration,runtime_output_or_temporary_path,code_or_script,low,runtime_output,保留运行时生成逻辑；目标环境按需设置输出/临时目录,no,possible,属于输出或临时路径，不是重构后的静态输入缺失,当前保留为运行时输出或临时路径
PATH-0131,active-isaaclab-2.1,active-isaaclab-2.1/experiments/tactile-bench/tu_tactile_field.py,/tmp/openworldtactile_uipc_v5_new_9_tu_tactile_field_rendering,runtime_output_or_temporary_path,code_or_script,low,runtime_output,保留运行时生成逻辑；目标环境按需设置输出/临时目录,no,possible,属于输出或临时路径，不是重构后的静态输入缺失,当前保留为运行时输出或临时路径
PATH-0132,active-isaaclab-2.1,active-isaaclab-2.1/experiments/tactile-bench/tu_tactile_field.py,/tmp/openworldtactile_uipc_v5_new_7f_contract_verified,runtime_output_or_temporary_path,code_or_script,low,runtime_output,保留运行时生成逻辑；目标环境按需设置输出/临时目录,no,possible,属于输出或临时路径，不是重构后的静态输入缺失,当前保留为运行时输出或临时路径
PATH-0133,active-isaaclab-2.1,active-isaaclab-2.1/experiments/tactile-bench/docs/OpenWorldTactile_v1_workflow.md,/tmp/openworldtactile_newbench_validation,runtime_output_or_temporary_path,documentation,low,runtime_output,保留运行时生成逻辑；目标环境按需设置输出/临时目录,no,possible,属于输出或临时路径，不是重构后的静态输入缺失,当前保留为运行时输出或临时路径
PATH-0134,active-isaaclab-2.1,active-isaaclab-2.1/experiments/tactile-bench/docs/OpenWorldTactile_v1_workflow.md,/tmp/openworldtactile_newbench_validation,runtime_output_or_temporary_path,documentation,low,runtime_output,保留运行时生成逻辑；目标环境按需设置输出/临时目录,no,possible,属于输出或临时路径，不是重构后的静态输入缺失,当前保留为运行时输出或临时路径
PATH-0135,active-isaaclab-2.1,active-isaaclab-2.1/experiments/tactile-bench/docs/OpenWorldTactile_v1_workflow.md,/tmp/openworldtactile_newbench_validation,runtime_output_or_temporary_path,documentation,low,runtime_output,保留运行时生成逻辑；目标环境按需设置输出/临时目录,no,possible,属于输出或临时路径，不是重构后的静态输入缺失,当前保留为运行时输出或临时路径
PATH-0136,active-isaaclab-2.1,active-isaaclab-2.1/experiments/tactile-bench/docs/OpenWorldTactile_v2_2_camera_observed_membrane.md,/tmp/openworldtactile_uipc_v2_2_validation,runtime_output_or_temporary_path,documentation,low,runtime_output,保留运行时生成逻辑；目标环境按需设置输出/临时目录,no,possible,属于输出或临时路径，不是重构后的静态输入缺失,当前保留为运行时输出或临时路径
PATH-0137,active-isaaclab-2.1,active-isaaclab-2.1/experiments/tactile-bench/docs/OpenWorldTactile_v2_3_rgb_marker_tracking.md,/tmp/openworldtactile_uipc_v23_$,runtime_output_or_temporary_path,documentation,low,runtime_output,保留运行时生成逻辑；目标环境按需设置输出/临时目录,no,possible,属于输出或临时路径，不是重构后的静态输入缺失,当前保留为运行时输出或临时路径
PATH-0138,active-isaaclab-2.1,active-isaaclab-2.1/experiments/tactile-bench/docs/OpenWorldTactile_v2_3_rgb_marker_tracking.md,/tmp/openworldtactile_v23_surface_force,runtime_output_or_temporary_path,documentation,low,runtime_output,保留运行时生成逻辑；目标环境按需设置输出/临时目录,no,possible,属于输出或临时路径，不是重构后的静态输入缺失,当前保留为运行时输出或临时路径
PATH-0139,active-isaaclab-2.1,active-isaaclab-2.1/experiments/tactile-bench/docs/OpenWorldTactile_v2_3_rgb_marker_tracking.md,/tmp/openworldtactile_v23_surface_force/fxyz_channels.mp4,runtime_output_or_temporary_path,documentation,low,runtime_output,保留运行时生成逻辑；目标环境按需设置输出/临时目录,no,possible,属于输出或临时路径，不是重构后的静态输入缺失,当前保留为运行时输出或临时路径
PATH-0140,active-isaaclab-2.1,active-isaaclab-2.1/experiments/tactile-bench/docs/OpenWorldTactile_v2_3_rgb_marker_tracking.md,/tmp/openworldtactile_v23_surface_force_visual,runtime_output_or_temporary_path,documentation,low,runtime_output,保留运行时生成逻辑；目标环境按需设置输出/临时目录,no,possible,属于输出或临时路径，不是重构后的静态输入缺失,当前保留为运行时输出或临时路径
PATH-0141,active-isaaclab-2.1,active-isaaclab-2.1/experiments/tactile-bench/docs/OpenWorldTactile_v2_force_module.md,/tmp/openworldtactile_uipc_v2_regression,runtime_output_or_temporary_path,documentation,low,runtime_output,保留运行时生成逻辑；目标环境按需设置输出/临时目录,no,possible,属于输出或临时路径，不是重构后的静态输入缺失,当前保留为运行时输出或临时路径
PATH-0142,active-isaaclab-2.1,active-isaaclab-2.1/experiments/tactile-bench/docs/OpenWorldTactile_v2_force_module.md,/tmp/openworldtactile_uipc_v2_force_core_test/summary.json,runtime_output_or_temporary_path,documentation,low,runtime_output,保留运行时生成逻辑；目标环境按需设置输出/临时目录,no,possible,属于输出或临时路径，不是重构后的静态输入缺失,当前保留为运行时输出或临时路径
PATH-0143,active-isaaclab-2.1,active-isaaclab-2.1/experiments/tactile-bench/docs/OpenWorldTactile_v2_force_module.md,/tmp/openworldtactile_uipc_v2_regression/fxyz.npy,runtime_output_or_temporary_path,documentation,low,runtime_output,保留运行时生成逻辑；目标环境按需设置输出/临时目录,no,possible,属于输出或临时路径，不是重构后的静态输入缺失,当前保留为运行时输出或临时路径
PATH-0144,active-isaaclab-2.1,active-isaaclab-2.1/experiments/tactile-bench/docs/OpenWorldTactile_v2_force_module.md,/tmp/openworldtactile_uipc_v2_regression/metadata.json,runtime_output_or_temporary_path,documentation,low,runtime_output,保留运行时生成逻辑；目标环境按需设置输出/临时目录,no,possible,属于输出或临时路径，不是重构后的静态输入缺失,当前保留为运行时输出或临时路径
PATH-0145,active-isaaclab-2.1,active-isaaclab-2.1/experiments/tactile-bench/docs/OpenWorldTactile_v2_force_module.md,/tmp/openworldtactile_uipc_v2_regression/preview_force.png,runtime_output_or_temporary_path,documentation,low,runtime_output,保留运行时生成逻辑；目标环境按需设置输出/临时目录,no,possible,属于输出或临时路径，不是重构后的静态输入缺失,当前保留为运行时输出或临时路径
PATH-0146,active-isaaclab-2.1,active-isaaclab-2.1/experiments/tactile-bench/docs/OpenWorldTactile_v3_validation_suite.md,/tmp/openworldtactile_uipc_v3_validation,runtime_output_or_temporary_path,documentation,low,runtime_output,保留运行时生成逻辑；目标环境按需设置输出/临时目录,no,possible,属于输出或临时路径，不是重构后的静态输入缺失,当前保留为运行时输出或临时路径
PATH-0147,active-isaaclab-2.1,active-isaaclab-2.1/experiments/tactile-bench/docs/OpenWorldTactile_v3_validation_suite.md,/tmp/openworldtactile_uipc_v3_validation/,runtime_output_or_temporary_path,documentation,low,runtime_output,保留运行时生成逻辑；目标环境按需设置输出/临时目录,no,possible,属于输出或临时路径，不是重构后的静态输入缺失,当前保留为运行时输出或临时路径
PATH-0148,active-isaaclab-2.1,active-isaaclab-2.1/experiments/tactile-bench/docs/OpenWorldTactile_v3_validation_suite.md,/tmp/openworldtactile_uipc_v3_validation,runtime_output_or_temporary_path,documentation,low,runtime_output,保留运行时生成逻辑；目标环境按需设置输出/临时目录,no,possible,属于输出或临时路径，不是重构后的静态输入缺失,当前保留为运行时输出或临时路径
PATH-0149,active-isaaclab-2.1,active-isaaclab-2.1/experiments/tactile-bench/docs/OpenWorldTactile_v3_validation_suite.md,/tmp/openworldtactile_uipc_v3_validation_full,runtime_output_or_temporary_path,documentation,low,runtime_output,保留运行时生成逻辑；目标环境按需设置输出/临时目录,no,possible,属于输出或临时路径，不是重构后的静态输入缺失,当前保留为运行时输出或临时路径
PATH-0150,active-isaaclab-2.1,active-isaaclab-2.1/experiments/tactile-bench/docs/OpenWorldTactile_v4_sensor_mounted_contact.md,/tmp/openworldtactile_uipc_v4_mounted_contact,runtime_output_or_temporary_path,documentation,low,runtime_output,保留运行时生成逻辑；目标环境按需设置输出/临时目录,no,possible,属于输出或临时路径，不是重构后的静态输入缺失,当前保留为运行时输出或临时路径
PATH-0151,active-isaaclab-2.1,active-isaaclab-2.1/experiments/tactile-bench/docs/OpenWorldTactile_v4_sensor_mounted_contact.md,/tmp/openworldtactile_uipc_v4_mounted_contact,runtime_output_or_temporary_path,documentation,low,runtime_output,保留运行时生成逻辑；目标环境按需设置输出/临时目录,no,possible,属于输出或临时路径，不是重构后的静态输入缺失,当前保留为运行时输出或临时路径
PATH-0152,active-isaaclab-2.1,active-isaaclab-2.1/experiments/tactile-bench/docs/OpenWorldTactile_v5_insert_debug_integration.md,/tmp/openworldtactile_uipc_v5_insert_debug/,runtime_output_or_temporary_path,documentation,low,runtime_output,保留运行时生成逻辑；目标环境按需设置输出/临时目录,no,possible,属于输出或临时路径，不是重构后的静态输入缺失,当前保留为运行时输出或临时路径
PATH-0153,active-isaaclab-2.1,active-isaaclab-2.1/experiments/tactile-bench/docs/OpenWorldTactile_v5_insert_debug_integration.md,/tmp/openworldtactile_uipc_v5_insert_debug,runtime_output_or_temporary_path,documentation,low,runtime_output,保留运行时生成逻辑；目标环境按需设置输出/临时目录,no,possible,属于输出或临时路径，不是重构后的静态输入缺失,当前保留为运行时输出或临时路径
PATH-0154,active-isaaclab-2.1,active-isaaclab-2.1/experiments/tactile-bench/docs/OpenWorldTactile_v6_2_grasp.md,/tmp/openworldtactile_uipc_v5_new_7f_contract_verified,runtime_output_or_temporary_path,documentation,low,runtime_output,保留运行时生成逻辑；目标环境按需设置输出/临时目录,no,possible,属于输出或临时路径，不是重构后的静态输入缺失,当前保留为运行时输出或临时路径
PATH-0155,active-isaaclab-2.1,active-isaaclab-2.1/experiments/tactile-bench/docs/OpenWorldTactile_v6_2_grasp.md,/tmp/openworldtactile_uipc_v6_2_workspace,runtime_output_or_temporary_path,documentation,low,runtime_output,保留运行时生成逻辑；目标环境按需设置输出/临时目录,no,possible,属于输出或临时路径，不是重构后的静态输入缺失,当前保留为运行时输出或临时路径
PATH-0156,active-isaaclab-2.1,active-isaaclab-2.1/experiments/tactile-bench/docs/OpenWorldTactile_v6_2_grasp.md,/tmp/openworldtactile_uipc_v6_2_run,runtime_output_or_temporary_path,documentation,low,runtime_output,保留运行时生成逻辑；目标环境按需设置输出/临时目录,no,possible,属于输出或临时路径，不是重构后的静态输入缺失,当前保留为运行时输出或临时路径
PATH-0157,active-isaaclab-2.1,active-isaaclab-2.1/experiments/tactile-bench/docs/OpenWorldTactile_v6_2_grasp.md,/tmp/openworldtactile_uipc_v6_2_run,runtime_output_or_temporary_path,documentation,low,runtime_output,保留运行时生成逻辑；目标环境按需设置输出/临时目录,no,possible,属于输出或临时路径，不是重构后的静态输入缺失,当前保留为运行时输出或临时路径
PATH-0158,active-isaaclab-2.1,active-isaaclab-2.1/experiments/tactile-bench/docs/OpenWorldTactile_v6_2_grasp.md,/tmp/openworldtactile_uipc_v6_2_run,runtime_output_or_temporary_path,documentation,low,runtime_output,保留运行时生成逻辑；目标环境按需设置输出/临时目录,no,possible,属于输出或临时路径，不是重构后的静态输入缺失,当前保留为运行时输出或临时路径
PATH-0159,active-isaaclab-2.1,active-isaaclab-2.1/experiments/tactile-bench/docs/OpenWorldTactile_v6_hdf5_dataset_pipeline.md,/tmp/openworldtactile_uipc_v6_dataset,runtime_output_or_temporary_path,documentation,low,runtime_output,保留运行时生成逻辑；目标环境按需设置输出/临时目录,no,possible,属于输出或临时路径，不是重构后的静态输入缺失,当前保留为运行时输出或临时路径
PATH-0160,active-isaaclab-2.1,active-isaaclab-2.1/experiments/tactile-bench/docs/OpenWorldTactile_v6_hdf5_dataset_pipeline.md,/tmp/openworldtactile_uipc_v6_dataset,runtime_output_or_temporary_path,documentation,low,runtime_output,保留运行时生成逻辑；目标环境按需设置输出/临时目录,no,possible,属于输出或临时路径，不是重构后的静态输入缺失,当前保留为运行时输出或临时路径
PATH-0161,active-isaaclab-2.1,active-isaaclab-2.1/experiments/tactile-bench/docs/OpenWorldTactile_v7_dataset_quality_iteration.md,/tmp/openworldtactile_uipc_v7_quality,runtime_output_or_temporary_path,documentation,low,runtime_output,保留运行时生成逻辑；目标环境按需设置输出/临时目录,no,possible,属于输出或临时路径，不是重构后的静态输入缺失,当前保留为运行时输出或临时路径
PATH-0162,active-isaaclab-2.1,active-isaaclab-2.1/experiments/tactile-bench/docs/OpenWorldTactile_v7_dataset_quality_iteration.md,/tmp/openworldtactile_uipc_v7_dataset,runtime_output_or_temporary_path,documentation,low,runtime_output,保留运行时生成逻辑；目标环境按需设置输出/临时目录,no,possible,属于输出或临时路径，不是重构后的静态输入缺失,当前保留为运行时输出或临时路径
PATH-0163,active-isaaclab-2.1,active-isaaclab-2.1/experiments/tactile-bench/docs/OpenWorldTactile_v7_dataset_quality_iteration.md,/tmp/openworldtactile_uipc_v7_dataset,runtime_output_or_temporary_path,documentation,low,runtime_output,保留运行时生成逻辑；目标环境按需设置输出/临时目录,no,possible,属于输出或临时路径，不是重构后的静态输入缺失,当前保留为运行时输出或临时路径
PATH-0164,active-isaaclab-2.1,active-isaaclab-2.1/experiments/tactile-bench/docs/OpenWorldTactile_v7_dataset_quality_iteration.md,/tmp/openworldtactile_uipc_v7_quality,runtime_output_or_temporary_path,documentation,low,runtime_output,保留运行时生成逻辑；目标环境按需设置输出/临时目录,no,possible,属于输出或临时路径，不是重构后的静态输入缺失,当前保留为运行时输出或临时路径
PATH-0165,active-isaaclab-2.1,active-isaaclab-2.1/experiments/tactile-bench/docs/OpenWorldTactile_v8_force_calibration.md,/tmp/openworldtactile_uipc_v8_calibration,runtime_output_or_temporary_path,documentation,low,runtime_output,保留运行时生成逻辑；目标环境按需设置输出/临时目录,no,possible,属于输出或临时路径，不是重构后的静态输入缺失,当前保留为运行时输出或临时路径
PATH-0166,active-isaaclab-2.1,active-isaaclab-2.1/experiments/tactile-bench/docs/OpenWorldTactile_v8_force_calibration.md,/tmp/openworldtactile_uipc_v8_calibration,runtime_output_or_temporary_path,documentation,low,runtime_output,保留运行时生成逻辑；目标环境按需设置输出/临时目录,no,possible,属于输出或临时路径，不是重构后的静态输入缺失,当前保留为运行时输出或临时路径
PATH-0167,active-isaaclab-2.1,active-isaaclab-2.1/experiments/tactile-bench/docs/OpenWorldTactile_v8_force_calibration.md,/tmp/openworldtactile_uipc_v8_calibration/calibration_params.json,runtime_output_or_temporary_path,documentation,low,runtime_output,保留运行时生成逻辑；目标环境按需设置输出/临时目录,no,possible,属于输出或临时路径，不是重构后的静态输入缺失,当前保留为运行时输出或临时路径
PATH-0168,active-isaaclab-2.1,active-isaaclab-2.1/experiments/tactile-bench/docs/OpenWorldTactile_v8_force_calibration.md,/tmp/openworldtactile_uipc_v8_calibrated_dataset,runtime_output_or_temporary_path,documentation,low,runtime_output,保留运行时生成逻辑；目标环境按需设置输出/临时目录,no,possible,属于输出或临时路径，不是重构后的静态输入缺失,当前保留为运行时输出或临时路径
PATH-0169,active-isaaclab-2.1,active-isaaclab-2.1/experiments/tactile-bench/docs/UIPC_Pad_link8_adjusted_launch.md,/tmp/openworldtactile_uipc_pad_loaded_adjusted/metadata.json,runtime_output_or_temporary_path,documentation,low,runtime_output,保留运行时生成逻辑；目标环境按需设置输出/临时目录,no,possible,属于输出或临时路径，不是重构后的静态输入缺失,当前保留为运行时输出或临时路径
PATH-0170,active-isaaclab-2.1,active-isaaclab-2.1/experiments/tactile-bench/docs/UIPC_Pad_link8_adjusted_launch.md,/tmp/openworldtactile_uipc_pad_loaded_adjusted/camera_rgb/,runtime_output_or_temporary_path,documentation,low,runtime_output,保留运行时生成逻辑；目标环境按需设置输出/临时目录,no,possible,属于输出或临时路径，不是重构后的静态输入缺失,当前保留为运行时输出或临时路径
PATH-0171,active-isaaclab-2.1,active-isaaclab-2.1/experiments/tactile-bench/docs/UIPC_Pad_link8_adjusted_launch.md,/tmp/my_uipc_pad_run,runtime_output_or_temporary_path,documentation,low,runtime_output,保留运行时生成逻辑；目标环境按需设置输出/临时目录,no,possible,属于输出或临时路径，不是重构后的静态输入缺失,当前保留为运行时输出或临时路径
PATH-0172,active-isaaclab-2.1,active-isaaclab-2.1/experiments/tactile-bench/docs/UIPC_Pad_link8_adjusted_launch.md,/tmp/my_uipc_pad_refine,runtime_output_or_temporary_path,documentation,low,runtime_output,保留运行时生成逻辑；目标环境按需设置输出/临时目录,no,possible,属于输出或临时路径，不是重构后的静态输入缺失,当前保留为运行时输出或临时路径
PATH-0173,active-isaaclab-2.1,active-isaaclab-2.1/experiments/tactile-bench/docs/UIPC_Pad_v5_new_7a_membrane_deformation_probe.md,/tmp/openworldtactile_uipc_v5_new_7a_gui,runtime_output_or_temporary_path,documentation,low,runtime_output,保留运行时生成逻辑；目标环境按需设置输出/临时目录,no,possible,属于输出或临时路径，不是重构后的静态输入缺失,当前保留为运行时输出或临时路径
PATH-0174,active-isaaclab-2.1,active-isaaclab-2.1/experiments/tactile-bench/docs/UIPC_Pad_v5_new_7a_membrane_deformation_probe.md,/tmp/openworldtactile_uipc_v5_new_7a_membrane_deformation_probe,runtime_output_or_temporary_path,documentation,low,runtime_output,保留运行时生成逻辑；目标环境按需设置输出/临时目录,no,possible,属于输出或临时路径，不是重构后的静态输入缺失,当前保留为运行时输出或临时路径
PATH-0175,active-isaaclab-2.1,active-isaaclab-2.1/experiments/tactile-bench/docs/UIPC_Pad_v5_new_7b_membrane_contact_probe.md,/tmp/openworldtactile_uipc_v5_new_7b_membrane_contact_probe,runtime_output_or_temporary_path,documentation,low,runtime_output,保留运行时生成逻辑；目标环境按需设置输出/临时目录,no,possible,属于输出或临时路径，不是重构后的静态输入缺失,当前保留为运行时输出或临时路径
PATH-0176,active-isaaclab-2.1,active-isaaclab-2.1/experiments/tactile-bench/docs/UIPC_Pad_v5_new_7b_membrane_contact_probe.md,/tmp/openworldtactile_uipc_v5_new_7b_membrane_contact_probe/verdict.json,runtime_output_or_temporary_path,documentation,low,runtime_output,保留运行时生成逻辑；目标环境按需设置输出/临时目录,no,possible,属于输出或临时路径，不是重构后的静态输入缺失,当前保留为运行时输出或临时路径
PATH-0177,active-isaaclab-2.1,active-isaaclab-2.1/experiments/tactile-bench/docs/UIPC_Pad_v5_new_7c_attachment_follow_validation.md,/tmp/openworldtactile_uipc_v5_new_7c_attachment_follow_validation,runtime_output_or_temporary_path,documentation,low,runtime_output,保留运行时生成逻辑；目标环境按需设置输出/临时目录,no,possible,属于输出或临时路径，不是重构后的静态输入缺失,当前保留为运行时输出或临时路径
PATH-0178,active-isaaclab-2.1,active-isaaclab-2.1/experiments/tactile-bench/docs/UIPC_Pad_v5_new_7c_attachment_follow_validation.md,/tmp/openworldtactile_uipc_v5_new_7c_attachment_follow_validation,runtime_output_or_temporary_path,documentation,low,runtime_output,保留运行时生成逻辑；目标环境按需设置输出/临时目录,no,possible,属于输出或临时路径，不是重构后的静态输入缺失,当前保留为运行时输出或临时路径
PATH-0179,active-isaaclab-2.1,active-isaaclab-2.1/experiments/tactile-bench/docs/UIPC_Pad_v5_new_7c_attachment_follow_validation.md,/tmp/openworldtactile_uipc_v5_new_7c_attachment_follow_validation/verdict.json,runtime_output_or_temporary_path,documentation,low,runtime_output,保留运行时生成逻辑；目标环境按需设置输出/临时目录,no,possible,属于输出或临时路径，不是重构后的静态输入缺失,当前保留为运行时输出或临时路径
PATH-0180,active-isaaclab-2.1,active-isaaclab-2.1/experiments/tactile-bench/docs/UIPC_Pad_v5_new_7c_pad_uipc_follow_probe.md,/tmp/openworldtactile_uipc_v5_new_7c_pad_follow_gui,runtime_output_or_temporary_path,documentation,low,runtime_output,保留运行时生成逻辑；目标环境按需设置输出/临时目录,no,possible,属于输出或临时路径，不是重构后的静态输入缺失,当前保留为运行时输出或临时路径
PATH-0181,active-isaaclab-2.1,active-isaaclab-2.1/experiments/tactile-bench/docs/UIPC_Pad_v5_new_7c_pad_uipc_follow_probe.md,/tmp/openworldtactile_uipc_v5_new_7c_pad_follow_gui_ws,runtime_output_or_temporary_path,documentation,low,runtime_output,保留运行时生成逻辑；目标环境按需设置输出/临时目录,no,possible,属于输出或临时路径，不是重构后的静态输入缺失,当前保留为运行时输出或临时路径
PATH-0182,active-isaaclab-2.1,active-isaaclab-2.1/experiments/tactile-bench/docs/UIPC_Pad_v5_new_7c_pad_uipc_follow_probe.md,/tmp/openworldtactile_uipc_v5_new_7c_pad_follow_check,runtime_output_or_temporary_path,documentation,low,runtime_output,保留运行时生成逻辑；目标环境按需设置输出/临时目录,no,possible,属于输出或临时路径，不是重构后的静态输入缺失,当前保留为运行时输出或临时路径
PATH-0183,active-isaaclab-2.1,active-isaaclab-2.1/experiments/tactile-bench/docs/UIPC_Pad_v5_new_7c_pad_uipc_follow_probe.md,/tmp/openworldtactile_uipc_v5_new_7c_pad_follow_check_ws,runtime_output_or_temporary_path,documentation,low,runtime_output,保留运行时生成逻辑；目标环境按需设置输出/临时目录,no,possible,属于输出或临时路径，不是重构后的静态输入缺失,当前保留为运行时输出或临时路径
PATH-0184,active-isaaclab-2.1,active-isaaclab-2.1/experiments/tactile-bench/docs/UIPC_Pad_v5_new_7d_backface_attachment_follow.md,/tmp/openworldtactile_uipc_v5_new_7d_gui,runtime_output_or_temporary_path,documentation,low,runtime_output,保留运行时生成逻辑；目标环境按需设置输出/临时目录,no,possible,属于输出或临时路径，不是重构后的静态输入缺失,当前保留为运行时输出或临时路径
PATH-0185,active-isaaclab-2.1,active-isaaclab-2.1/experiments/tactile-bench/docs/UIPC_Pad_v5_new_7d_backface_attachment_follow.md,/tmp/openworldtactile_uipc_v5_new_7d_gui_ws,runtime_output_or_temporary_path,documentation,low,runtime_output,保留运行时生成逻辑；目标环境按需设置输出/临时目录,no,possible,属于输出或临时路径，不是重构后的静态输入缺失,当前保留为运行时输出或临时路径
PATH-0186,active-isaaclab-2.1,active-isaaclab-2.1/experiments/tactile-bench/docs/UIPC_Pad_v5_new_7d_backface_attachment_follow.md,/tmp/openworldtactile_uipc_v5_new_7d_check,runtime_output_or_temporary_path,documentation,low,runtime_output,保留运行时生成逻辑；目标环境按需设置输出/临时目录,no,possible,属于输出或临时路径，不是重构后的静态输入缺失,当前保留为运行时输出或临时路径
PATH-0187,active-isaaclab-2.1,active-isaaclab-2.1/experiments/tactile-bench/docs/UIPC_Pad_v5_new_7d_backface_attachment_follow.md,/tmp/openworldtactile_uipc_v5_new_7d_check_ws,runtime_output_or_temporary_path,documentation,low,runtime_output,保留运行时生成逻辑；目标环境按需设置输出/临时目录,no,possible,属于输出或临时路径，不是重构后的静态输入缺失,当前保留为运行时输出或临时路径
PATH-0188,active-isaaclab-2.1,active-isaaclab-2.1/experiments/tactile-bench/docs/UIPC_Pad_v5_new_7e_static_indenter_contact_deformation.md,/tmp/openworldtactile_uipc_v5_new_7e_gui,runtime_output_or_temporary_path,documentation,low,runtime_output,保留运行时生成逻辑；目标环境按需设置输出/临时目录,no,possible,属于输出或临时路径，不是重构后的静态输入缺失,当前保留为运行时输出或临时路径
PATH-0189,active-isaaclab-2.1,active-isaaclab-2.1/experiments/tactile-bench/docs/UIPC_Pad_v5_new_7e_static_indenter_contact_deformation.md,/tmp/openworldtactile_uipc_v5_new_7e_gui_ws,runtime_output_or_temporary_path,documentation,low,runtime_output,保留运行时生成逻辑；目标环境按需设置输出/临时目录,no,possible,属于输出或临时路径，不是重构后的静态输入缺失,当前保留为运行时输出或临时路径
PATH-0190,active-isaaclab-2.1,active-isaaclab-2.1/experiments/tactile-bench/docs/UIPC_Pad_v5_new_7e_static_indenter_contact_deformation.md,/tmp/openworldtactile_uipc_v5_new_7e_check,runtime_output_or_temporary_path,documentation,low,runtime_output,保留运行时生成逻辑；目标环境按需设置输出/临时目录,no,possible,属于输出或临时路径，不是重构后的静态输入缺失,当前保留为运行时输出或临时路径
PATH-0191,active-isaaclab-2.1,active-isaaclab-2.1/experiments/tactile-bench/docs/UIPC_Pad_v5_new_7e_static_indenter_contact_deformation.md,/tmp/openworldtactile_uipc_v5_new_7e_check_ws,runtime_output_or_temporary_path,documentation,low,runtime_output,保留运行时生成逻辑；目标环境按需设置输出/临时目录,no,possible,属于输出或临时路径，不是重构后的静态输入缺失,当前保留为运行时输出或临时路径
PATH-0192,active-isaaclab-2.1,active-isaaclab-2.1/experiments/tactile-bench/docs/UIPC_Pad_v5_new_7f_deformation_contract_probe.md,/tmp/openworldtactile_uipc_v5_new_7f_rigid,runtime_output_or_temporary_path,documentation,low,runtime_output,保留运行时生成逻辑；目标环境按需设置输出/临时目录,no,possible,属于输出或临时路径，不是重构后的静态输入缺失,当前保留为运行时输出或临时路径
PATH-0193,active-isaaclab-2.1,active-isaaclab-2.1/experiments/tactile-bench/docs/UIPC_Pad_v5_new_7f_deformation_contract_probe.md,/tmp/openworldtactile_uipc_v5_new_7f_rigid_ws,runtime_output_or_temporary_path,documentation,low,runtime_output,保留运行时生成逻辑；目标环境按需设置输出/临时目录,no,possible,属于输出或临时路径，不是重构后的静态输入缺失,当前保留为运行时输出或临时路径
PATH-0194,active-isaaclab-2.1,active-isaaclab-2.1/experiments/tactile-bench/docs/UIPC_Pad_v5_new_7f_deformation_contract_probe.md,/tmp/openworldtactile_uipc_v5_new_7f_normal_${repeat},runtime_output_or_temporary_path,documentation,low,runtime_output,保留运行时生成逻辑；目标环境按需设置输出/临时目录,no,possible,属于输出或临时路径，不是重构后的静态输入缺失,当前保留为运行时输出或临时路径
PATH-0195,active-isaaclab-2.1,active-isaaclab-2.1/experiments/tactile-bench/docs/UIPC_Pad_v5_new_7f_deformation_contract_probe.md,/tmp/openworldtactile_uipc_v5_new_7f_normal_${repeat}_ws,runtime_output_or_temporary_path,documentation,low,runtime_output,保留运行时生成逻辑；目标环境按需设置输出/临时目录,no,possible,属于输出或临时路径，不是重构后的静态输入缺失,当前保留为运行时输出或临时路径
PATH-0196,active-isaaclab-2.1,active-isaaclab-2.1/experiments/tactile-bench/docs/UIPC_Pad_v5_new_7f_deformation_contract_probe.md,/tmp/openworldtactile_uipc_v5_new_7f_rigid,runtime_output_or_temporary_path,documentation,low,runtime_output,保留运行时生成逻辑；目标环境按需设置输出/临时目录,no,possible,属于输出或临时路径，不是重构后的静态输入缺失,当前保留为运行时输出或临时路径
PATH-0197,active-isaaclab-2.1,active-isaaclab-2.1/experiments/tactile-bench/docs/UIPC_Pad_v5_new_7f_deformation_contract_probe.md,/tmp/openworldtactile_uipc_v5_new_7f_normal_0,runtime_output_or_temporary_path,documentation,low,runtime_output,保留运行时生成逻辑；目标环境按需设置输出/临时目录,no,possible,属于输出或临时路径，不是重构后的静态输入缺失,当前保留为运行时输出或临时路径
PATH-0198,active-isaaclab-2.1,active-isaaclab-2.1/experiments/tactile-bench/docs/UIPC_Pad_v5_new_7f_deformation_contract_probe.md,/tmp/openworldtactile_uipc_v5_new_7f_normal_1,runtime_output_or_temporary_path,documentation,low,runtime_output,保留运行时生成逻辑；目标环境按需设置输出/临时目录,no,possible,属于输出或临时路径，不是重构后的静态输入缺失,当前保留为运行时输出或临时路径
PATH-0199,active-isaaclab-2.1,active-isaaclab-2.1/experiments/tactile-bench/docs/UIPC_Pad_v5_new_7f_deformation_contract_probe.md,/tmp/openworldtactile_uipc_v5_new_7f_normal_2,runtime_output_or_temporary_path,documentation,low,runtime_output,保留运行时生成逻辑；目标环境按需设置输出/临时目录,no,possible,属于输出或临时路径，不是重构后的静态输入缺失,当前保留为运行时输出或临时路径
PATH-0200,active-isaaclab-2.1,active-isaaclab-2.1/experiments/tactile-bench/docs/UIPC_Pad_v5_new_7f_deformation_contract_probe.md,/tmp/openworldtactile_uipc_v5_new_7f_normal_3,runtime_output_or_temporary_path,documentation,low,runtime_output,保留运行时生成逻辑；目标环境按需设置输出/临时目录,no,possible,属于输出或临时路径，不是重构后的静态输入缺失,当前保留为运行时输出或临时路径
PATH-0201,active-isaaclab-2.1,active-isaaclab-2.1/experiments/tactile-bench/docs/UIPC_Pad_v5_new_7f_deformation_contract_probe.md,/tmp/openworldtactile_uipc_v5_new_7f_normal_4,runtime_output_or_temporary_path,documentation,low,runtime_output,保留运行时生成逻辑；目标环境按需设置输出/临时目录,no,possible,属于输出或临时路径，不是重构后的静态输入缺失,当前保留为运行时输出或临时路径
PATH-0202,active-isaaclab-2.1,active-isaaclab-2.1/experiments/tactile-bench/docs/UIPC_Pad_v5_new_7f_deformation_contract_probe.md,/tmp/openworldtactile_uipc_v5_new_7f_contract,runtime_output_or_temporary_path,documentation,low,runtime_output,保留运行时生成逻辑；目标环境按需设置输出/临时目录,no,possible,属于输出或临时路径，不是重构后的静态输入缺失,当前保留为运行时输出或临时路径
PATH-0203,active-isaaclab-2.1,active-isaaclab-2.1/experiments/tactile-bench/docs/UIPC_Pad_v5_new_7f_deformation_field_probe.md,/tmp/openworldtactile_uipc_v5_new_7e_check,runtime_output_or_temporary_path,documentation,low,runtime_output,保留运行时生成逻辑；目标环境按需设置输出/临时目录,no,possible,属于输出或临时路径，不是重构后的静态输入缺失,当前保留为运行时输出或临时路径
PATH-0204,active-isaaclab-2.1,active-isaaclab-2.1/experiments/tactile-bench/docs/UIPC_Pad_v5_new_7f_deformation_field_probe.md,/tmp/openworldtactile_uipc_v5_new_7e_check_ws,runtime_output_or_temporary_path,documentation,low,runtime_output,保留运行时生成逻辑；目标环境按需设置输出/临时目录,no,possible,属于输出或临时路径，不是重构后的静态输入缺失,当前保留为运行时输出或临时路径
PATH-0205,active-isaaclab-2.1,active-isaaclab-2.1/experiments/tactile-bench/docs/UIPC_Pad_v5_new_7f_deformation_field_probe.md,/tmp/openworldtactile_uipc_v5_new_7e_check,runtime_output_or_temporary_path,documentation,low,runtime_output,保留运行时生成逻辑；目标环境按需设置输出/临时目录,no,possible,属于输出或临时路径，不是重构后的静态输入缺失,当前保留为运行时输出或临时路径
PATH-0206,active-isaaclab-2.1,active-isaaclab-2.1/experiments/tactile-bench/docs/UIPC_Pad_v5_new_7f_deformation_field_probe.md,/tmp/openworldtactile_uipc_v5_new_7f_deformation_field,runtime_output_or_temporary_path,documentation,low,runtime_output,保留运行时生成逻辑；目标环境按需设置输出/临时目录,no,possible,属于输出或临时路径，不是重构后的静态输入缺失,当前保留为运行时输出或临时路径
PATH-0207,active-isaaclab-2.1,active-isaaclab-2.1/experiments/tactile-bench/docs/UIPC_Pad_v5_new_7g_deformation_based_force_estimator.md,/tmp/openworldtactile_uipc_v5_new_7f_contract_verified,runtime_output_or_temporary_path,documentation,low,runtime_output,保留运行时生成逻辑；目标环境按需设置输出/临时目录,no,possible,属于输出或临时路径，不是重构后的静态输入缺失,当前保留为运行时输出或临时路径
PATH-0208,active-isaaclab-2.1,active-isaaclab-2.1/experiments/tactile-bench/docs/UIPC_Pad_v5_new_7g_deformation_based_force_estimator.md,/tmp/openworldtactile_uipc_v5_new_7g_snapshot,runtime_output_or_temporary_path,documentation,low,runtime_output,保留运行时生成逻辑；目标环境按需设置输出/临时目录,no,possible,属于输出或临时路径，不是重构后的静态输入缺失,当前保留为运行时输出或临时路径
PATH-0209,active-isaaclab-2.1,active-isaaclab-2.1/experiments/tactile-bench/docs/UIPC_Pad_v5_new_7g_deformation_based_force_estimator.md,/tmp/openworldtactile_uipc_v5_new_7f_contract_verified,runtime_output_or_temporary_path,documentation,low,runtime_output,保留运行时生成逻辑；目标环境按需设置输出/临时目录,no,possible,属于输出或临时路径，不是重构后的静态输入缺失,当前保留为运行时输出或临时路径
PATH-0210,active-isaaclab-2.1,active-isaaclab-2.1/experiments/tactile-bench/docs/UIPC_Pad_v5_new_7g_deformation_based_force_estimator.md,/tmp/openworldtactile_uipc_v5_new_7f_contract_verified/diagnostics/primary_surface_displacement_history_pad_local.npy,runtime_output_or_temporary_path,documentation,low,runtime_output,保留运行时生成逻辑；目标环境按需设置输出/临时目录,no,possible,属于输出或临时路径，不是重构后的静态输入缺失,当前保留为运行时输出或临时路径
PATH-0211,active-isaaclab-2.1,active-isaaclab-2.1/experiments/tactile-bench/docs/UIPC_Pad_v5_new_7g_deformation_based_force_estimator.md,/tmp/openworldtactile_uipc_v5_new_7f_7e_refined_smoke/commanded_indentation_mm.npy,runtime_output_or_temporary_path,documentation,low,runtime_output,保留运行时生成逻辑；目标环境按需设置输出/临时目录,no,possible,属于输出或临时路径，不是重构后的静态输入缺失,当前保留为运行时输出或临时路径
PATH-0212,active-isaaclab-2.1,active-isaaclab-2.1/experiments/tactile-bench/docs/UIPC_Pad_v5_new_7g_deformation_based_force_estimator.md,/tmp/openworldtactile_uipc_v5_new_7g_verified,runtime_output_or_temporary_path,documentation,low,runtime_output,保留运行时生成逻辑；目标环境按需设置输出/临时目录,no,possible,属于输出或临时路径，不是重构后的静态输入缺失,当前保留为运行时输出或临时路径
PATH-0213,active-isaaclab-2.1,active-isaaclab-2.1/experiments/tactile-bench/docs/UIPC_Pad_v5_new_7g_membrane_local_3d_force_render.md,/tmp/openworldtactile_7g_plus_y,runtime_output_or_temporary_path,documentation,low,runtime_output,保留运行时生成逻辑；目标环境按需设置输出/临时目录,no,possible,属于输出或临时路径，不是重构后的静态输入缺失,当前保留为运行时输出或临时路径
PATH-0214,active-isaaclab-2.1,active-isaaclab-2.1/experiments/tactile-bench/docs/UIPC_Pad_v5_new_7g_membrane_local_3d_force_render.md,/tmp/openworldtactile_7g_plus_y_ws,runtime_output_or_temporary_path,documentation,low,runtime_output,保留运行时生成逻辑；目标环境按需设置输出/临时目录,no,possible,属于输出或临时路径，不是重构后的静态输入缺失,当前保留为运行时输出或临时路径
PATH-0215,active-isaaclab-2.1,active-isaaclab-2.1/experiments/tactile-bench/docs/UIPC_Pad_v5_new_7g_membrane_local_3d_force_render.md,/tmp/openworldtactile_7g_minus_y,runtime_output_or_temporary_path,documentation,low,runtime_output,保留运行时生成逻辑；目标环境按需设置输出/临时目录,no,possible,属于输出或临时路径，不是重构后的静态输入缺失,当前保留为运行时输出或临时路径
PATH-0216,active-isaaclab-2.1,active-isaaclab-2.1/experiments/tactile-bench/docs/UIPC_Pad_v5_new_7g_membrane_local_3d_force_render.md,/tmp/openworldtactile_7g_minus_y_ws,runtime_output_or_temporary_path,documentation,low,runtime_output,保留运行时生成逻辑；目标环境按需设置输出/临时目录,no,possible,属于输出或临时路径，不是重构后的静态输入缺失,当前保留为运行时输出或临时路径
PATH-0217,active-isaaclab-2.1,active-isaaclab-2.1/experiments/tactile-bench/docs/UIPC_Pad_v5_new_7g_membrane_local_3d_force_render.md,/tmp/openworldtactile_7g_plus_z,runtime_output_or_temporary_path,documentation,low,runtime_output,保留运行时生成逻辑；目标环境按需设置输出/临时目录,no,possible,属于输出或临时路径，不是重构后的静态输入缺失,当前保留为运行时输出或临时路径
PATH-0218,active-isaaclab-2.1,active-isaaclab-2.1/experiments/tactile-bench/docs/UIPC_Pad_v5_new_7g_membrane_local_3d_force_render.md,/tmp/openworldtactile_7g_plus_z_ws,runtime_output_or_temporary_path,documentation,low,runtime_output,保留运行时生成逻辑；目标环境按需设置输出/临时目录,no,possible,属于输出或临时路径，不是重构后的静态输入缺失,当前保留为运行时输出或临时路径
PATH-0219,active-isaaclab-2.1,active-isaaclab-2.1/experiments/tactile-bench/docs/UIPC_Pad_v5_new_7g_membrane_local_3d_force_render.md,/tmp/openworldtactile_7g_minus_z,runtime_output_or_temporary_path,documentation,low,runtime_output,保留运行时生成逻辑；目标环境按需设置输出/临时目录,no,possible,属于输出或临时路径，不是重构后的静态输入缺失,当前保留为运行时输出或临时路径
PATH-0220,active-isaaclab-2.1,active-isaaclab-2.1/experiments/tactile-bench/docs/UIPC_Pad_v5_new_7g_membrane_local_3d_force_render.md,/tmp/openworldtactile_7g_minus_z_ws,runtime_output_or_temporary_path,documentation,low,runtime_output,保留运行时生成逻辑；目标环境按需设置输出/临时目录,no,possible,属于输出或临时路径，不是重构后的静态输入缺失,当前保留为运行时输出或临时路径
PATH-0221,active-isaaclab-2.1,active-isaaclab-2.1/experiments/tactile-bench/docs/UIPC_Pad_v5_new_7g_membrane_local_3d_force_render.md,/tmp/openworldtactile_7e_normal,runtime_output_or_temporary_path,documentation,low,runtime_output,保留运行时生成逻辑；目标环境按需设置输出/临时目录,no,possible,属于输出或临时路径，不是重构后的静态输入缺失,当前保留为运行时输出或临时路径
PATH-0222,active-isaaclab-2.1,active-isaaclab-2.1/experiments/tactile-bench/docs/UIPC_Pad_v5_new_7g_membrane_local_3d_force_render.md,/tmp/openworldtactile_7g_plus_y,runtime_output_or_temporary_path,documentation,low,runtime_output,保留运行时生成逻辑；目标环境按需设置输出/临时目录,no,possible,属于输出或临时路径，不是重构后的静态输入缺失,当前保留为运行时输出或临时路径
PATH-0223,active-isaaclab-2.1,active-isaaclab-2.1/experiments/tactile-bench/docs/UIPC_Pad_v5_new_7g_membrane_local_3d_force_render.md,/tmp/openworldtactile_7g_minus_y,runtime_output_or_temporary_path,documentation,low,runtime_output,保留运行时生成逻辑；目标环境按需设置输出/临时目录,no,possible,属于输出或临时路径，不是重构后的静态输入缺失,当前保留为运行时输出或临时路径
PATH-0224,active-isaaclab-2.1,active-isaaclab-2.1/experiments/tactile-bench/docs/UIPC_Pad_v5_new_7g_membrane_local_3d_force_render.md,/tmp/openworldtactile_7g_plus_z,runtime_output_or_temporary_path,documentation,low,runtime_output,保留运行时生成逻辑；目标环境按需设置输出/临时目录,no,possible,属于输出或临时路径，不是重构后的静态输入缺失,当前保留为运行时输出或临时路径
PATH-0225,active-isaaclab-2.1,active-isaaclab-2.1/experiments/tactile-bench/docs/UIPC_Pad_v5_new_7g_membrane_local_3d_force_render.md,/tmp/openworldtactile_7g_minus_z,runtime_output_or_temporary_path,documentation,low,runtime_output,保留运行时生成逻辑；目标环境按需设置输出/临时目录,no,possible,属于输出或临时路径，不是重构后的静态输入缺失,当前保留为运行时输出或临时路径
PATH-0226,active-isaaclab-2.1,active-isaaclab-2.1/experiments/tactile-bench/docs/UIPC_Pad_v5_new_7g_membrane_local_3d_force_render.md,/tmp/openworldtactile_7g_membrane_3d,runtime_output_or_temporary_path,documentation,low,runtime_output,保留运行时生成逻辑；目标环境按需设置输出/临时目录,no,possible,属于输出或临时路径，不是重构后的静态输入缺失,当前保留为运行时输出或临时路径
PATH-0227,active-isaaclab-2.1,active-isaaclab-2.1/experiments/tactile-bench/docs/UIPC_Pad_v5_new_7g_shear_validation.md,/tmp/openworldtactile_uipc_v5_new_7g_shear_validation,runtime_output_or_temporary_path,documentation,low,runtime_output,保留运行时生成逻辑；目标环境按需设置输出/临时目录,no,possible,属于输出或临时路径，不是重构后的静态输入缺失,当前保留为运行时输出或临时路径
PATH-0228,active-isaaclab-2.1,active-isaaclab-2.1/experiments/tactile-bench/docs/UIPC_Pad_v5_new_7g_shear_validation.md,/tmp/openworldtactile_uipc_v5_new_7g_shear_positive,runtime_output_or_temporary_path,documentation,low,runtime_output,保留运行时生成逻辑；目标环境按需设置输出/临时目录,no,possible,属于输出或临时路径，不是重构后的静态输入缺失,当前保留为运行时输出或临时路径
PATH-0229,active-isaaclab-2.1,active-isaaclab-2.1/experiments/tactile-bench/docs/UIPC_Pad_v5_new_7g_shear_validation.md,/tmp/openworldtactile_uipc_v5_new_7g_shear_positive_ws,runtime_output_or_temporary_path,documentation,low,runtime_output,保留运行时生成逻辑；目标环境按需设置输出/临时目录,no,possible,属于输出或临时路径，不是重构后的静态输入缺失,当前保留为运行时输出或临时路径
PATH-0230,active-isaaclab-2.1,active-isaaclab-2.1/experiments/tactile-bench/docs/UIPC_Pad_v5_new_7g_shear_validation.md,/tmp/openworldtactile_uipc_v5_new_7g_shear_negative,runtime_output_or_temporary_path,documentation,low,runtime_output,保留运行时生成逻辑；目标环境按需设置输出/临时目录,no,possible,属于输出或临时路径，不是重构后的静态输入缺失,当前保留为运行时输出或临时路径
PATH-0231,active-isaaclab-2.1,active-isaaclab-2.1/experiments/tactile-bench/docs/UIPC_Pad_v5_new_7g_shear_validation.md,/tmp/openworldtactile_uipc_v5_new_7g_shear_negative_ws,runtime_output_or_temporary_path,documentation,low,runtime_output,保留运行时生成逻辑；目标环境按需设置输出/临时目录,no,possible,属于输出或临时路径，不是重构后的静态输入缺失,当前保留为运行时输出或临时路径
PATH-0232,active-isaaclab-2.1,active-isaaclab-2.1/experiments/tactile-bench/docs/UIPC_Pad_v5_new_7g_shear_validation.md,/tmp/openworldtactile_uipc_v5_new_7f_contract_verified,runtime_output_or_temporary_path,documentation,low,runtime_output,保留运行时生成逻辑；目标环境按需设置输出/临时目录,no,possible,属于输出或临时路径，不是重构后的静态输入缺失,当前保留为运行时输出或临时路径
PATH-0233,active-isaaclab-2.1,active-isaaclab-2.1/experiments/tactile-bench/docs/UIPC_Pad_v5_new_7g_shear_validation.md,/tmp/openworldtactile_uipc_v5_new_7g_shear_positive/surface_deformation.npy,runtime_output_or_temporary_path,documentation,low,runtime_output,保留运行时生成逻辑；目标环境按需设置输出/临时目录,no,possible,属于输出或临时路径，不是重构后的静态输入缺失,当前保留为运行时输出或临时路径
PATH-0234,active-isaaclab-2.1,active-isaaclab-2.1/experiments/tactile-bench/docs/UIPC_Pad_v5_new_7g_shear_validation.md,/tmp/openworldtactile_uipc_v5_new_7g_shear_positive_force,runtime_output_or_temporary_path,documentation,low,runtime_output,保留运行时生成逻辑；目标环境按需设置输出/临时目录,no,possible,属于输出或临时路径，不是重构后的静态输入缺失,当前保留为运行时输出或临时路径
PATH-0235,active-isaaclab-2.1,active-isaaclab-2.1/experiments/tactile-bench/docs/UIPC_Pad_v5_new_7g_shear_validation.md,/tmp/openworldtactile_uipc_v5_new_7f_contract_verified,runtime_output_or_temporary_path,documentation,low,runtime_output,保留运行时生成逻辑；目标环境按需设置输出/临时目录,no,possible,属于输出或临时路径，不是重构后的静态输入缺失,当前保留为运行时输出或临时路径
PATH-0236,active-isaaclab-2.1,active-isaaclab-2.1/experiments/tactile-bench/docs/UIPC_Pad_v5_new_7g_shear_validation.md,/tmp/openworldtactile_uipc_v5_new_7g_shear_negative/surface_deformation.npy,runtime_output_or_temporary_path,documentation,low,runtime_output,保留运行时生成逻辑；目标环境按需设置输出/临时目录,no,possible,属于输出或临时路径，不是重构后的静态输入缺失,当前保留为运行时输出或临时路径
PATH-0237,active-isaaclab-2.1,active-isaaclab-2.1/experiments/tactile-bench/docs/UIPC_Pad_v5_new_7g_shear_validation.md,/tmp/openworldtactile_uipc_v5_new_7g_shear_negative_force,runtime_output_or_temporary_path,documentation,low,runtime_output,保留运行时生成逻辑；目标环境按需设置输出/临时目录,no,possible,属于输出或临时路径，不是重构后的静态输入缺失,当前保留为运行时输出或临时路径
PATH-0238,active-isaaclab-2.1,active-isaaclab-2.1/experiments/tactile-bench/docs/UIPC_Pad_v5_new_7g_shear_validation.md,/tmp/openworldtactile_uipc_v5_new_7g_shear_positive,runtime_output_or_temporary_path,documentation,low,runtime_output,保留运行时生成逻辑；目标环境按需设置输出/临时目录,no,possible,属于输出或临时路径，不是重构后的静态输入缺失,当前保留为运行时输出或临时路径
PATH-0239,active-isaaclab-2.1,active-isaaclab-2.1/experiments/tactile-bench/docs/UIPC_Pad_v5_new_7g_shear_validation.md,/tmp/openworldtactile_uipc_v5_new_7g_shear_positive_force,runtime_output_or_temporary_path,documentation,low,runtime_output,保留运行时生成逻辑；目标环境按需设置输出/临时目录,no,possible,属于输出或临时路径，不是重构后的静态输入缺失,当前保留为运行时输出或临时路径
PATH-0240,active-isaaclab-2.1,active-isaaclab-2.1/experiments/tactile-bench/docs/UIPC_Pad_v5_new_7g_shear_validation.md,/tmp/openworldtactile_uipc_v5_new_7g_shear_negative,runtime_output_or_temporary_path,documentation,low,runtime_output,保留运行时生成逻辑；目标环境按需设置输出/临时目录,no,possible,属于输出或临时路径，不是重构后的静态输入缺失,当前保留为运行时输出或临时路径
PATH-0241,active-isaaclab-2.1,active-isaaclab-2.1/experiments/tactile-bench/docs/UIPC_Pad_v5_new_7g_shear_validation.md,/tmp/openworldtactile_uipc_v5_new_7g_shear_negative_force,runtime_output_or_temporary_path,documentation,low,runtime_output,保留运行时生成逻辑；目标环境按需设置输出/临时目录,no,possible,属于输出或临时路径，不是重构后的静态输入缺失,当前保留为运行时输出或临时路径
PATH-0242,active-isaaclab-2.1,active-isaaclab-2.1/experiments/tactile-bench/docs/UIPC_Pad_v5_new_7g_shear_validation.md,/tmp/openworldtactile_uipc_v5_new_7g_shear_validation,runtime_output_or_temporary_path,documentation,low,runtime_output,保留运行时生成逻辑；目标环境按需设置输出/临时目录,no,possible,属于输出或临时路径，不是重构后的静态输入缺失,当前保留为运行时输出或临时路径
PATH-0243,active-isaaclab-2.1,active-isaaclab-2.1/packages/assets/openworldtactile_assets/data/Robots/AgileX/Piper/config.yaml,/tmp/piper_isaac/piper_description_abs.urdf,runtime_output_or_temporary_path,configuration,low,runtime_output,保留运行时生成逻辑；目标环境按需设置输出/临时目录,no,possible,属于输出或临时路径，不是重构后的静态输入缺失,当前保留为运行时输出或临时路径
PATH-0244,active-isaaclab-2.1,active-isaaclab-2.1/packages/tasks/openworldtactile_tasks/factory/factory_tasks_cfg.py,{ISAACLAB_NUCLEUS_DIR}/Factory,external_environment_asset,code_or_script,medium,external_asset_mapping,保持环境变量引用；运行前提供对应 Nucleus 资产或映射,no,yes,引用设计为由外部 Isaac Lab/Nucleus 环境提供,当前保留；运行环境仍需提供资产或映射
PATH-0245,active-isaaclab-2.1,active-isaaclab-2.1/vendor/agilex-piper/piper_ros/src/piper/scripts/piper_pinocchio/piper_pinocchio.py,/home/agilex/piper_ws/src/piper_description/urdf/piper_description.urdf,source_machine_absolute_path,code_comment,low,inactive_code_comment,无需修改；实际代码已使用当前文件位置计算项目相对路径,no,no,绝对路径只存在于旧注释，不参与执行,已确认无需修改；仅为非执行注释
PATH-0246,active-isaaclab-2.1,active-isaaclab-2.1/vendor/agilex-piper/piper_ros/src/piper_moveit/moveit-1.1.11/moveit/scripts/create_readme_table.py,/tmp/table.md,runtime_output_or_temporary_path,code_comment,low,runtime_output,保留运行时生成逻辑；目标环境按需设置输出/临时目录,no,possible,属于输出或临时路径，不是重构后的静态输入缺失,已确认无需修改；仅为非执行注释
PATH-0247,active-isaaclab-2.1,active-isaaclab-2.1/vendor/agilex-piper/piper_ros/src/piper_moveit/moveit-1.1.11/moveit_kinematics/test/test_ikfast_plugins.sh,/tmp/ros/src/moveit_resources,runtime_output_or_temporary_path,code_or_script,low,runtime_output,保留运行时生成逻辑；目标环境按需设置输出/临时目录,no,possible,属于输出或临时路径，不是重构后的静态输入缺失,当前保留为运行时输出或临时路径
PATH-0248,active-isaaclab-2.1,active-isaaclab-2.1/vendor/agilex-piper/piper_ros/src/piper_moveit/moveit-1.1.11/moveit_kinematics/test/test_ikfast_plugins.sh,/tmp/ros:/tmp/ros,runtime_output_or_temporary_path,code_or_script,low,runtime_output,保留运行时生成逻辑；目标环境按需设置输出/临时目录,no,possible,属于输出或临时路径，不是重构后的静态输入缺失,当前保留为运行时输出或临时路径
PATH-0249,active-isaaclab-2.1,active-isaaclab-2.1/vendor/agilex-piper/piper_ros/src/piper_moveit/moveit-1.1.11/moveit_kinematics/test/test_ikfast_plugins.sh,/tmp/ros,runtime_output_or_temporary_path,code_or_script,low,runtime_output,保留运行时生成逻辑；目标环境按需设置输出/临时目录,no,possible,属于输出或临时路径，不是重构后的静态输入缺失,当前保留为运行时输出或临时路径
PATH-0250,active-isaaclab-2.1,active-isaaclab-2.1/vendor/agilex-piper/piper_ros/src/piper_moveit/moveit-1.1.11/moveit_kinematics/test/test_ikfast_plugins.sh,/tmp/ros/src/moveit_resources/fanuc_description/urdf/fanuc.urdf,runtime_output_or_temporary_path,code_or_script,low,runtime_output,保留运行时生成逻辑；目标环境按需设置输出/临时目录,no,possible,属于输出或临时路径，不是重构后的静态输入缺失,当前保留为运行时输出或临时路径
PATH-0251,active-isaaclab-2.1,active-isaaclab-2.1/vendor/agilex-piper/piper_ros/src/piper_moveit/moveit-1.1.11/moveit_kinematics/test/test_ikfast_plugins.sh,/tmp/ros/src/moveit_resources/panda_description/urdf/panda.urdf,runtime_output_or_temporary_path,code_or_script,low,runtime_output,保留运行时生成逻辑；目标环境按需设置输出/临时目录,no,possible,属于输出或临时路径，不是重构后的静态输入缺失,当前保留为运行时输出或临时路径
PATH-0252,active-isaaclab-2.1,active-isaaclab-2.1/vendor/agilex-piper/piper_ros/src/piper_moveit/moveit-1.1.11/moveit_ros/benchmarks/examples/demo1.yaml,/tmp/moveit_benchmarks,runtime_output_or_temporary_path,configuration,low,runtime_output,保留运行时生成逻辑；目标环境按需设置输出/临时目录,no,possible,属于输出或临时路径，不是重构后的静态输入缺失,当前保留为运行时输出或临时路径
PATH-0253,active-isaaclab-2.1,active-isaaclab-2.1/vendor/agilex-piper/piper_ros/src/piper_moveit/moveit-1.1.11/moveit_ros/benchmarks/examples/demo1.yaml,/tmp/moveit_benchmarks/,runtime_output_or_temporary_path,configuration,low,runtime_output,保留运行时生成逻辑；目标环境按需设置输出/临时目录,no,possible,属于输出或临时路径，不是重构后的静态输入缺失,当前保留为运行时输出或临时路径
PATH-0254,active-isaaclab-2.1,active-isaaclab-2.1/vendor/agilex-piper/piper_ros/src/piper_moveit/moveit-1.1.11/moveit_ros/benchmarks/examples/demo2.yaml,/home/benchmarks,source_machine_absolute_path,configuration,medium,configuration_portability,迁移时审核并改为目标机路径或环境变量,no,yes,配置记录绑定来源机，但不需要改 Python 源码,当前保留为文档、文本或配置迁移记录
PATH-0255,active-isaaclab-2.1,active-isaaclab-2.1/vendor/agilex-piper/piper_ros/src/piper_moveit/moveit-1.1.11/moveit_ros/benchmarks/examples/demo2.yaml,/home/benchmarks/,source_machine_absolute_path,configuration,medium,configuration_portability,迁移时审核并改为目标机路径或环境变量,no,yes,配置记录绑定来源机，但不需要改 Python 源码,当前保留为文档、文本或配置迁移记录
PATH-0256,active-isaaclab-2.1,active-isaaclab-2.1/vendor/agilex-piper/piper_ros/src/piper_moveit/moveit-1.1.11/moveit_ros/benchmarks/examples/demo_obstacles.yaml,/tmp/moveit_benchmarks,runtime_output_or_temporary_path,configuration,low,runtime_output,保留运行时生成逻辑；目标环境按需设置输出/临时目录,no,possible,属于输出或临时路径，不是重构后的静态输入缺失,当前保留为运行时输出或临时路径
PATH-0257,active-isaaclab-2.1,active-isaaclab-2.1/vendor/agilex-piper/piper_ros/src/piper_moveit/moveit-1.1.11/moveit_ros/benchmarks/examples/demo_obstacles.yaml,/tmp/moveit_benchmarks/,runtime_output_or_temporary_path,configuration,low,runtime_output,保留运行时生成逻辑；目标环境按需设置输出/临时目录,no,possible,属于输出或临时路径，不是重构后的静态输入缺失,当前保留为运行时输出或临时路径
PATH-0258,active-isaaclab-2.1,active-isaaclab-2.1/vendor/agilex-piper/piper_ros/src/piper_moveit/moveit-1.1.11/moveit_ros/benchmarks/examples/demo_panda_all_planners.yaml,/tmp/moveit_benchmarks,runtime_output_or_temporary_path,configuration,low,runtime_output,保留运行时生成逻辑；目标环境按需设置输出/临时目录,no,possible,属于输出或临时路径，不是重构后的静态输入缺失,当前保留为运行时输出或临时路径
PATH-0259,active-isaaclab-2.1,active-isaaclab-2.1/vendor/agilex-piper/piper_ros/src/piper_moveit/moveit-1.1.11/moveit_ros/benchmarks/examples/demo_panda_all_planners.yaml,/tmp/moveit_benchmarks/,runtime_output_or_temporary_path,configuration,low,runtime_output,保留运行时生成逻辑；目标环境按需设置输出/临时目录,no,possible,属于输出或临时路径，不是重构后的静态输入缺失,当前保留为运行时输出或临时路径
PATH-0260,active-isaaclab-2.1,active-isaaclab-2.1/vendor/agilex-piper/piper_ros/src/piper_moveit/moveit-1.1.11/moveit_ros/benchmarks/examples/demo_panda_predefined_poses.yaml,/tmp/moveit_benchmarks,runtime_output_or_temporary_path,configuration,low,runtime_output,保留运行时生成逻辑；目标环境按需设置输出/临时目录,no,possible,属于输出或临时路径，不是重构后的静态输入缺失,当前保留为运行时输出或临时路径
PATH-0261,active-isaaclab-2.1,active-isaaclab-2.1/vendor/agilex-piper/piper_ros/src/piper_moveit/moveit-1.1.11/moveit_ros/benchmarks/examples/demo_panda_predefined_poses.yaml,/tmp/moveit_benchmarks/,runtime_output_or_temporary_path,configuration,low,runtime_output,保留运行时生成逻辑；目标环境按需设置输出/临时目录,no,possible,属于输出或临时路径，不是重构后的静态输入缺失,当前保留为运行时输出或临时路径
PATH-0262,archive-isaaclab-2.3,archive-isaaclab-2.3/experiments/franka/current/sdf_taxel_rgb_sdk.py,{ISAACLAB_NUCLEUS_DIR}/{object_usd.lstrip,external_environment_asset,code_or_script,medium,external_asset_mapping,保持环境变量引用；运行前提供对应 Nucleus 资产或映射,no,yes,引用设计为由外部 Isaac Lab/Nucleus 环境提供,当前保留；运行环境仍需提供资产或映射
PATH-0263,archive-isaaclab-2.3,archive-isaaclab-2.3/experiments/franka/current/sdf_taxel_rgb_sdk_openworldtactile_aligned.py,{ISAACLAB_NUCLEUS_DIR}/{object_usd.lstrip,external_environment_asset,code_or_script,medium,external_asset_mapping,保持环境变量引用；运行前提供对应 Nucleus 资产或映射,no,yes,引用设计为由外部 Isaac Lab/Nucleus 环境提供,当前保留；运行环境仍需提供资产或映射
PATH-0264,archive-isaaclab-2.3,archive-isaaclab-2.3/experiments/franka/current/ST_RGB_shear.py,{ISAACLAB_NUCLEUS_DIR}/{object_usd.lstrip,external_environment_asset,code_or_script,medium,external_asset_mapping,保持环境变量引用；运行前提供对应 Nucleus 资产或映射,no,yes,引用设计为由外部 Isaac Lab/Nucleus 环境提供,当前保留；运行环境仍需提供资产或映射
PATH-0265,archive-isaaclab-2.3,archive-isaaclab-2.3/experiments/franka/current/tactile_camera_openworldtactile.py,{OWT_ASSET_ROOT}/gelsight_r15_finger/gelsight_r15_finger.usd,external_environment_asset,code_or_script,medium,external_asset_mapping,保持环境变量引用；运行前提供对应 Nucleus 资产或映射,no,yes,引用设计为由外部 Isaac Lab/Nucleus 环境提供,当前保留；运行环境仍需提供资产或映射
PATH-0266,archive-isaaclab-2.3,archive-isaaclab-2.3/experiments/rgb-pipeline/dual_openworldtactile_clamp_rgb_fxyz_ui.py,{OWT_ASSET_ROOT}/gelsight_r15_finger/gelsight_r15_finger.usd,external_environment_asset,code_or_script,medium,external_asset_mapping,保持环境变量引用；运行前提供对应 Nucleus 资产或映射,no,yes,引用设计为由外部 Isaac Lab/Nucleus 环境提供,当前保留；运行环境仍需提供资产或映射
PATH-0267,archive-isaaclab-2.3,archive-isaaclab-2.3/experiments/rgb-pipeline/dual_openworldtactile_clamp_rgb_fxyz_ui.py,{ISAACLAB_NUCLEUS_DIR}/Factory/factory_nut_m16.usd,external_environment_asset,code_or_script,medium,external_asset_mapping,保持环境变量引用；运行前提供对应 Nucleus 资产或映射,no,yes,引用设计为由外部 Isaac Lab/Nucleus 环境提供,当前保留；运行环境仍需提供资产或映射
PATH-0268,archive-isaaclab-2.3,archive-isaaclab-2.3/experiments/rgb-pipeline/dual_openworldtactile_physical_lift_cube_rgb_fxyz_ui.py,{OWT_ASSET_ROOT}/gelsight_r15_finger/gelsight_r15_finger.usd,external_environment_asset,code_or_script,medium,external_asset_mapping,保持环境变量引用；运行前提供对应 Nucleus 资产或映射,no,yes,引用设计为由外部 Isaac Lab/Nucleus 环境提供,当前保留；运行环境仍需提供资产或映射
PATH-0269,archive-isaaclab-2.3,archive-isaaclab-2.3/experiments/rgb-pipeline/dual_openworldtactile_physical_lift_doublecube_rgb_fxyz_ui.py,{OWT_ASSET_ROOT}/gelsight_r15_finger/gelsight_r15_finger.usd,external_environment_asset,code_or_script,medium,external_asset_mapping,保持环境变量引用；运行前提供对应 Nucleus 资产或映射,no,yes,引用设计为由外部 Isaac Lab/Nucleus 环境提供,当前保留；运行环境仍需提供资产或映射
PATH-0270,archive-isaaclab-2.3,archive-isaaclab-2.3/experiments/rgb-pipeline/dual_openworldtactile_physical_lift_rgb_fxyz_ui.py,{OWT_ASSET_ROOT}/gelsight_r15_finger/gelsight_r15_finger.usd,external_environment_asset,code_or_script,medium,external_asset_mapping,保持环境变量引用；运行前提供对应 Nucleus 资产或映射,no,yes,引用设计为由外部 Isaac Lab/Nucleus 环境提供,当前保留；运行环境仍需提供资产或映射
PATH-0271,archive-isaaclab-2.3,archive-isaaclab-2.3/experiments/rgb-pipeline/dual_openworldtactile_physical_lift_rgb_fxyz_ui.py,{ISAACLAB_NUCLEUS_DIR}/Factory/factory_nut_m16.usd,external_environment_asset,code_or_script,medium,external_asset_mapping,保持环境变量引用；运行前提供对应 Nucleus 资产或映射,no,yes,引用设计为由外部 Isaac Lab/Nucleus 环境提供,当前保留；运行环境仍需提供资产或映射
PATH-0272,archive-isaaclab-2.3,archive-isaaclab-2.3/experiments/rgb-pipeline/openworldtactile_rgb_fxyz_ui.py,{OWT_ASSET_ROOT}/gelsight_r15_finger/gelsight_r15_finger.usd,external_environment_asset,code_or_script,medium,external_asset_mapping,保持环境变量引用；运行前提供对应 Nucleus 资产或映射,no,yes,引用设计为由外部 Isaac Lab/Nucleus 环境提供,当前保留；运行环境仍需提供资产或映射
PATH-0273,archive-isaaclab-2.3,archive-isaaclab-2.3/experiments/rgb-pipeline/openworldtactile_rgb_fxyz_ui.py,{ISAACLAB_NUCLEUS_DIR}/Factory/factory_nut_m16.usd,external_environment_asset,code_or_script,medium,external_asset_mapping,保持环境变量引用；运行前提供对应 Nucleus 资产或映射,no,yes,引用设计为由外部 Isaac Lab/Nucleus 环境提供,当前保留；运行环境仍需提供资产或映射
PATH-0274,archive-isaaclab-2.3,archive-isaaclab-2.3/experiments/sensors/openworldtactile_finger_sensor.py,{OWT_ASSET_ROOT}/gelsight_r15_finger/gelsight_r15_finger.usd,external_environment_asset,code_or_script,medium,external_asset_mapping,保持环境变量引用；运行前提供对应 Nucleus 资产或映射,no,yes,引用设计为由外部 Isaac Lab/Nucleus 环境提供,当前保留；运行环境仍需提供资产或映射
PATH-0275,archive-isaaclab-2.3,archive-isaaclab-2.3/experiments/sensors/openworldtactile_finger_sensor.py,{ISAACLAB_NUCLEUS_DIR}/Factory/factory_nut_m16.usd,external_environment_asset,code_or_script,medium,external_asset_mapping,保持环境变量引用；运行前提供对应 Nucleus 资产或映射,no,yes,引用设计为由外部 Isaac Lab/Nucleus 环境提供,当前保留；运行环境仍需提供资产或映射
PATH-0276,archive-isaaclab-2.3,archive-isaaclab-2.3/experiments/sensors/openworldtactile_gelsight_original_sensor.py,{OWT_ASSET_ROOT}/gelsight_r15_finger/gelsight_r15_finger.usd,external_environment_asset,code_or_script,medium,external_asset_mapping,保持环境变量引用；运行前提供对应 Nucleus 资产或映射,no,yes,引用设计为由外部 Isaac Lab/Nucleus 环境提供,当前保留；运行环境仍需提供资产或映射
PATH-0277,archive-isaaclab-2.3,archive-isaaclab-2.3/experiments/sensors/openworldtactile_gelsight_original_sensor.py,{ISAACLAB_NUCLEUS_DIR}/Factory/factory_nut_m16.usd,external_environment_asset,code_or_script,medium,external_asset_mapping,保持环境变量引用；运行前提供对应 Nucleus 资产或映射,no,yes,引用设计为由外部 Isaac Lab/Nucleus 环境提供,当前保留；运行环境仍需提供资产或映射
PATH-0278,archive-isaaclab-2.3,archive-isaaclab-2.3/experiments/sensors/openworldtactile_sensor.py,{OWT_ASSET_ROOT}/gelsight_r15_finger/gelsight_r15_finger.usd,external_environment_asset,code_or_script,medium,external_asset_mapping,保持环境变量引用；运行前提供对应 Nucleus 资产或映射,no,yes,引用设计为由外部 Isaac Lab/Nucleus 环境提供,当前保留；运行环境仍需提供资产或映射
PATH-0279,archive-isaaclab-2.3,archive-isaaclab-2.3/experiments/sensors/openworldtactile_sensor.py,{ISAACLAB_NUCLEUS_DIR}/Factory/factory_nut_m16.usd,external_environment_asset,code_or_script,medium,external_asset_mapping,保持环境变量引用；运行前提供对应 Nucleus 资产或映射,no,yes,引用设计为由外部 Isaac Lab/Nucleus 环境提供,当前保留；运行环境仍需提供资产或映射
PATH-0280,archive-isaaclab-2.3,archive-isaaclab-2.3/packages/contrib/isaaclab_contrib/sensors/openworldtactile_sensor/visuotactile_sensor_cfg.py,{ISAACLAB_NUCLEUS_DIR}/OpenWorldTactile,external_environment_asset,code_or_script,medium,external_asset_mapping,保持环境变量引用；运行前提供对应 Nucleus 资产或映射,no,yes,引用设计为由外部 Isaac Lab/Nucleus 环境提供,当前保留；运行环境仍需提供资产或映射
PATH-0281,archive-isaaclab-2.3,archive-isaaclab-2.3/packages/contrib/isaaclab_contrib/sensors/openworldtactile_sensor/visuotactile_sensor_cfg.py,{ISAACLAB_NUCLEUS_DIR}/OpenWorldTactile,external_environment_asset,code_or_script,medium,external_asset_mapping,保持环境变量引用；运行前提供对应 Nucleus 资产或映射,no,yes,引用设计为由外部 Isaac Lab/Nucleus 环境提供,当前保留；运行环境仍需提供资产或映射
PATH-0282,archive-isaaclab-2.3,archive-isaaclab-2.3/packages/contrib/test/sensors/test_visuotactile_sensor.py,{OWT_ASSET_ROOT}/gelsight_r15_finger/gelsight_r15_finger.usd,external_environment_asset,code_or_script,medium,external_asset_mapping,保持环境变量引用；运行前提供对应 Nucleus 资产或映射,no,yes,引用设计为由外部 Isaac Lab/Nucleus 环境提供,当前保留；运行环境仍需提供资产或映射
PATH-0283,archive-isaaclab-2.3,archive-isaaclab-2.3/packages/contrib/test/sensors/test_visuotactile_sensor.py,{ISAACLAB_NUCLEUS_DIR}/Factory/factory_nut_m16.usd,external_environment_asset,code_or_script,medium,external_asset_mapping,保持环境变量引用；运行前提供对应 Nucleus 资产或映射,no,yes,引用设计为由外部 Isaac Lab/Nucleus 环境提供,当前保留；运行环境仍需提供资产或映射
